,year,team_id,team,talent,last_updated
0,2015,333,Alabama,981.9,2019-11-12 22:50:18
1,2015,30,USC,926.71,2019-11-12 22:50:18
2,2015,194,Ohio State,907.32,2019-11-12 22:50:18
3,2015,52,Florida State,889.92,2019-11-12 22:50:18
4,2015,99,LSU,889.37,2019-11-12 22:50:18
5,2015,61,Georgia,877.74,2019-11-12 22:50:18
6,2015,2,Auburn,865.41,2019-11-12 22:50:18
7,2015,87,Notre Dame,857.33,2019-11-12 22:50:18
8,2015,130,Michigan,851.12,2019-11-12 22:50:18
9,2015,245,Texas A&M,830.34,2019-11-12 22:50:18
10,2015,251,Texas,821.26,2019-11-12 22:50:18
11,2015,2633,Tennessee,810.53,2019-11-12 22:50:18
12,2015,228,Clemson,807.56,2019-11-12 22:50:18
13,2015,26,UCLA,793.22,2019-11-12 22:50:18
14,2015,57,Florida,789.79,2019-11-12 22:50:18
15,2015,201,Oklahoma,775.9,2019-11-12 22:50:18
16,2015,2390,Miami,773.23,2019-11-12 22:50:18
17,2015,24,Stanford,765.98,2019-11-12 22:50:18
18,2015,145,Ole Miss,764.34,2019-11-12 22:50:18
19,2015,2483,Oregon,757.52,2019-11-12 22:50:18
20,2015,213,Penn State,732.36,2019-11-12 22:50:18
21,2015,2579,South Carolina,725.72,2019-11-12 22:50:18
22,2015,127,Michigan State,715.3,2019-11-12 22:50:18
23,2015,158,Nebraska,699.89,2019-11-12 22:50:18
24,2015,8,Arkansas,695.04,2019-11-12 22:50:18
25,2015,153,North Carolina,683.03,2019-11-12 22:50:18
26,2015,9,Arizona State,680.87,2019-11-12 22:50:18
27,2015,344,Mississippi State,680.06,2019-11-12 22:50:18
28,2015,264,Washington,667.45,2019-11-12 22:50:18
29,2015,258,Virginia,667.05,2019-11-12 22:50:18
30,2015,239,Baylor,660.35,2019-11-12 22:50:18
31,2015,259,Virginia Tech,658.38,2019-11-12 22:50:18
32,2015,197,Oklahoma State,651.83,2019-11-12 22:50:18
33,2015,142,Missouri,642.93,2019-11-12 22:50:18
34,2015,2641,Texas Tech,641.07,2019-11-12 22:50:18
35,2015,97,Louisville,641.05,2019-11-12 22:50:18
36,2015,275,Wisconsin,635.77,2019-11-12 22:50:18
37,2015,96,Kentucky,634.52,2019-11-12 22:50:18
38,2015,2628,TCU,630.38,2019-11-12 22:50:18
39,2015,25,California,626.0,2019-11-12 22:50:18
40,2015,277,West Virginia,625.85,2019-11-12 22:50:18
41,2015,221,Pittsburgh,611.18,2019-11-12 22:50:18
42,2015,152,NC State,610.33,2019-11-12 22:50:18
43,2015,238,Vanderbilt,609.76,2019-11-12 22:50:18
44,2015,12,Arizona,606.92,2019-11-12 22:50:18
45,2015,120,Maryland,603.76,2019-11-12 22:50:18
46,2015,164,Rutgers,602.35,2019-11-12 22:50:18
47,2015,77,Northwestern,595.75,2019-11-12 22:50:18
48,2015,59,Georgia Tech,590.34,2019-11-12 22:50:18
49,2015,254,Utah,574.41,2019-11-12 22:50:18
50,2015,2294,Iowa,573.06,2019-11-12 22:50:18
51,2015,68,Boise State,568.96,2019-11-12 22:50:18
52,2015,150,Duke,563.19,2019-11-12 22:50:18
53,2015,84,Indiana,559.08,2019-11-12 22:50:18
54,2015,204,Oregon State,544.66,2019-11-12 22:50:18
55,2015,38,Colorado,542.06,2019-11-12 22:50:18
56,2015,265,Washington State,540.86,2019-11-12 22:50:18
57,2015,103,Boston College,534.6,2019-11-12 22:50:18
58,2015,2509,Purdue,534.26,2019-11-12 22:50:18
59,2015,356,Illinois,530.96,2019-11-12 22:50:18
60,2015,58,South Florida,529.65,2019-11-12 22:50:18
61,2015,66,Iowa State,529.12,2019-11-12 22:50:18
62,2015,252,BYU,521.43,2019-11-12 22:50:18
63,2015,135,Minnesota,516.1,2019-11-12 22:50:18
64,2015,248,Houston,511.45,2019-11-12 22:50:18
65,2015,183,Syracuse,508.8,2019-11-12 22:50:18
66,2015,2306,Kansas State,503.64,2019-11-12 22:50:18
67,2015,2305,Kansas,499.97,2019-11-12 22:50:18
68,2015,154,Wake Forest,497.48,2019-11-12 22:50:18
69,2015,21,San Diego State,494.77,2019-11-12 22:50:18
70,2015,2132,Cincinnati,494.65,2019-11-12 22:50:18
71,2015,276,Marshall,489.77,2019-11-12 22:50:18
72,2015,2116,UCF,484.54,2019-11-12 22:50:18
73,2015,2572,Southern Mississippi,470.84,2019-11-12 22:50:18
74,2015,2567,SMU,446.83,2019-11-12 22:50:18
75,2015,2711,Western Michigan,442.13,2019-11-12 22:50:18
76,2015,2348,Louisiana Tech,437.99,2019-11-12 22:50:18
77,2015,189,Bowling Green,433.59,2019-11-12 22:50:18
78,2015,309,Louisiana,430.17,2019-11-12 22:50:18
79,2015,2649,Toledo,429.03,2019-11-12 22:50:18
80,2015,2006,Akron,412.65,2019-11-12 22:50:18
81,2015,2393,Middle Tennessee,409.82,2019-11-12 22:50:18
82,2015,2655,Tulane,408.22,2019-11-12 22:50:18
83,2015,2032,Arkansas State,408.08,2019-11-12 22:50:18
84,2015,218,Temple,405.92,2019-11-12 22:50:18
85,2015,202,Tulsa,404.03,2019-11-12 22:50:18
86,2015,151,East Carolina,403.62,2019-11-12 22:50:18
87,2015,278,Fresno State,402.58,2019-11-12 22:50:18
88,2015,41,Connecticut,402.23,2019-11-12 22:50:18
89,2015,2226,Florida Atlantic,401.61,2019-11-12 22:50:18
90,2015,242,Rice,399.58,2019-11-12 22:50:18
91,2015,193,Miami (OH),397.13,2019-11-12 22:50:18
92,2015,290,Georgia Southern,391.18,2019-11-12 22:50:18
93,2015,36,Colorado State,389.1,2019-11-12 22:50:18
94,2015,62,Hawai'i,385.63,2019-11-12 22:50:18
95,2015,235,Memphis,381.8,2019-11-12 22:50:18
96,2015,2459,Northern Illinois,380.69,2019-11-12 22:50:18
97,2015,249,North Texas,380.69,2019-11-12 22:50:18
98,2015,2440,Nevada,380.53,2019-11-12 22:50:18
99,2015,23,San José State,379.6,2019-11-12 22:50:18
100,2015,2117,Central Michigan,376.81,2019-11-12 22:50:18
101,2015,6,South Alabama,367.16,2019-11-12 22:50:18
102,2015,326,Texas State,360.49,2019-11-12 22:50:18
103,2015,2229,Florida International,360.11,2019-11-12 22:50:18
104,2015,2636,UT San Antonio,356.37,2019-11-12 22:50:18
105,2015,98,Western Kentucky,353.5,2019-11-12 22:50:18
106,2015,2050,Ball State,349.94,2019-11-12 22:50:18
107,2015,167,New Mexico,341.72,2019-11-12 22:50:18
108,2015,2199,Eastern Michigan,341.36,2019-11-12 22:50:18
109,2015,2309,Kent State,338.4,2019-11-12 22:50:18
110,2015,2247,Georgia State,335.67,2019-11-12 22:50:18
111,2015,2653,Troy,335.43,2019-11-12 22:50:18
112,2015,2439,UNLV,332.69,2019-11-12 22:50:18
113,2015,328,Utah State,331.44,2019-11-12 22:50:18
114,2015,195,Ohio,330.61,2019-11-12 22:50:18
115,2015,113,UMass,323.73,2019-11-12 22:50:18
116,2015,295,Old Dominion,319.6,2019-11-12 22:50:18
117,2015,2084,Buffalo,316.44,2019-11-12 22:50:18
118,2015,2751,Wyoming,314.72,2019-11-12 22:50:18
119,2015,2026,Appalachian State,312.88,2019-11-12 22:50:18
120,2015,2426,Navy,306.87,2019-11-12 22:50:18
121,2015,2429,Charlotte,304.05,2019-11-12 22:50:18
122,2015,2433,Louisiana Monroe,292.73,2019-11-12 22:50:18
123,2015,70,Idaho,262.39,2019-11-12 22:50:18
124,2015,2638,UTEP,256.12,2019-11-12 22:50:18
125,2015,166,New Mexico State,251.16,2019-11-12 22:50:18
126,2015,5,UAB,236.34,2019-11-12 22:50:18
127,2015,2460,Northern Iowa,202.77,2019-11-12 22:50:18
128,2015,349,Army,186.45,2019-11-12 22:50:18
129,2015,43,Yale,181.76,2019-11-12 22:50:18
130,2015,55,Jacksonville State,173.32,2019-11-12 22:50:18
131,2015,236,Chattanooga,137.06,2019-11-12 22:50:18
132,2015,2502,Portland State,123.61,2019-11-12 22:50:18
133,2015,2754,Youngstown State,116.79,2019-11-12 22:50:18
134,2015,2065,Bethune-Cookman,116.09,2019-11-12 22:50:18
135,2015,2569,South Carolina State,105.01,2019-11-12 22:50:18
136,2015,2617,Stephen F. Austin,103.72,2019-11-12 22:50:18
137,2015,13,Cal Poly,97.73,2019-11-12 22:50:18
138,2015,2535,Samford,95.68,2019-11-12 22:50:18
139,2015,2287,Illinois State,92.42,2019-11-12 22:50:18
140,2015,93,Murray State,89.72,2019-11-12 22:50:18
141,2015,256,James Madison,84.74,2019-11-12 22:50:18
142,2015,2449,North Dakota State,82.26,2019-11-12 22:50:18
143,2015,2296,Jackson State,78.26,2019-11-12 22:50:18
144,2015,282,Indiana State,74.6,2019-11-12 22:50:18
145,2015,2634,Tennessee State,74.37,2019-11-12 22:50:18
146,2015,119,Towson,74.05,2019-11-12 22:50:18
147,2015,219,Pennsylvania,73.07,2019-11-12 22:50:18
148,2015,2005,Air Force,70.95,2019-11-12 22:50:18
149,2015,2464,Northern Arizona,68.35,2019-11-12 22:50:18
150,2015,2000,Abilene Christian,66.43,2019-11-12 22:50:18
151,2015,149,Montana,64.46,2019-11-12 22:50:18
152,2015,2681,Wagner,64.14,2019-11-12 22:50:18
153,2015,2630,UT Martin,62.12,2019-11-12 22:50:18
154,2015,2619,Stony Brook,61.96,2019-11-12 22:50:18
155,2015,231,Furman,61.89,2019-11-12 22:50:18
156,2015,79,Southern Illinois,60.76,2019-11-12 22:50:18
157,2015,2261,Hampton,58.39,2019-11-12 22:50:18
158,2015,2545,Southeastern Louisiana,58.08,2019-11-12 22:50:18
159,2015,222,Villanova,57.42,2019-11-12 22:50:18
160,2015,2674,Valparaiso,56.37,2019-11-12 22:50:18
161,2015,2710,Western Illinois,51.28,2019-11-12 22:50:18
162,2015,2377,McNeese,51.19,2019-11-12 22:50:18
163,2015,2184,Duquesne,50.43,2019-11-12 22:50:18
164,2015,2127,Charleston Southern,48.43,2019-11-12 22:50:18
165,2015,2643,The Citadel,47.12,2019-11-12 22:50:18
166,2015,2197,Eastern Illinois,46.56,2019-11-12 22:50:18
167,2015,2198,Eastern Kentucky,46.5,2019-11-12 22:50:18
168,2015,257,Richmond,46.34,2019-11-12 22:50:18
169,2015,331,Eastern Washington,45.1,2019-11-12 22:50:18
170,2015,2640,Texas Southern,43.1,2019-11-12 22:50:18
171,2015,2755,Grambling,41.62,2019-11-12 22:50:18
172,2015,324,Coastal Carolina,41.5,2019-11-12 22:50:18
173,2015,2277,Houston Baptist,39.71,2019-11-12 22:50:18
174,2015,2582,Southern,37.48,2019-11-12 22:50:18
175,2015,16,Sacramento State,37.46,2019-11-12 22:50:18
176,2015,227,Rhode Island,37.17,2019-11-12 22:50:18
177,2015,2046,Austin Peay,36.99,2019-11-12 22:50:18
178,2015,2230,Fordham,36.98,2019-11-12 22:50:18
179,2015,2458,Northern Colorado,36.95,2019-11-12 22:50:18
180,2015,2110,Central Arkansas,35.29,2019-11-12 22:50:18
181,2015,2382,Mercer,35.02,2019-11-12 22:50:18
182,2015,2450,Norfolk State,32.59,2019-11-12 22:50:18
183,2015,2635,Tennessee Tech,31.74,2019-11-12 22:50:18
184,2015,2678,VMI,31.43,2019-11-12 22:50:18
185,2015,2097,Campbell,31.21,2019-11-12 22:50:18
186,2015,108,Harvard,30.49,2019-11-12 22:50:18
187,2015,2546,Southeast Missouri State,29.79,2019-11-12 22:50:18
188,2015,172,Cornell,29.11,2019-11-12 22:50:18
189,2015,2466,Northwestern State,28.02,2019-11-12 22:50:18
190,2015,2506,Presbyterian College,25.63,2019-11-12 22:50:18
191,2015,2169,Delaware State,25.26,2019-11-12 22:50:18
192,2015,2571,South Dakota State,25.25,2019-11-12 22:50:18
193,2015,2320,Lamar,24.84,2019-11-12 22:50:18
194,2015,2447,Nicholls,24.71,2019-11-12 22:50:18
195,2015,2011,Alabama State,24.46,2019-11-12 22:50:18
196,2015,338,Kennesaw State,23.49,2019-11-12 22:50:18
197,2015,304,Idaho State,21.69,2019-11-12 22:50:18
198,2015,171,Columbia,21.24,2019-11-12 22:50:18
199,2015,160,New Hampshire,21.17,2019-11-12 22:50:18
200,2015,2504,Prairie View,20.76,2019-11-12 22:50:18
201,2015,2193,East Tennessee State,20.07,2019-11-12 22:50:18
202,2015,2692,Weber State,19.8,2019-11-12 22:50:18
203,2015,2335,Liberty,19.57,2019-11-12 22:50:18
204,2015,2747,Wofford,19.48,2019-11-12 22:50:18
205,2015,294,Jacksonville,18.58,2019-11-12 22:50:18
206,2015,225,Brown,16.92,2019-11-12 22:50:18
207,2015,2717,Western Carolina,15.77,2019-11-12 22:50:18
208,2015,2166,Davidson,15.67,2019-11-12 22:50:18
209,2015,2729,William & Mary,15.65,2019-11-12 22:50:18
210,2015,50,Florida A&M,15.6,2019-11-12 22:50:18
211,2015,2916,Incarnate Word,15.59,2019-11-12 22:50:18
212,2015,2428,North Carolina Central,14.26,2019-11-12 22:50:18
213,2015,2010,Alabama A&M,13.33,2019-11-12 22:50:18
214,2015,147,Montana State,11.86,2019-11-12 22:50:18
215,2015,2086,Butler,9.96,2019-11-12 22:50:18
216,2015,2241,Gardner-Webb,8.58,2019-11-12 22:50:18
217,2015,2405,Monmouth,7.93,2019-11-12 22:50:18
218,2015,107,Holy Cross,7.45,2019-11-12 22:50:18
219,2015,2181,Drake,7.43,2019-11-12 22:50:18
220,2015,311,Maine,7.24,2019-11-12 22:50:18
221,2015,253,Southern Utah,6.66,2019-11-12 22:50:18
222,2015,302,UC Davis,6.66,2019-11-12 22:50:18
223,2015,56,Stetson,6.66,2019-11-12 22:50:18
224,2015,2329,Lehigh,6.66,2019-11-12 22:50:18
225,2015,2029,Arkansas-Pine Bluff,6.66,2019-11-12 22:50:18
226,2015,233,South Dakota,3.36,2019-11-12 22:50:18
227,2015,2523,Robert Morris,3.06,2019-11-12 22:50:18
228,2015,159,Dartmouth,2.96,2019-11-12 22:50:18
229,2015,2368,Marist,2.63,2019-11-12 22:50:18
230,2015,47,Howard,2.22,2019-11-12 22:50:18
231,2015,2598,St Francis (PA),1.74,2019-11-12 22:50:18
232,2016,333,Alabama,982.66,2019-11-12 22:50:18
233,2016,30,USC,936.86,2019-11-12 22:50:18
234,2016,99,LSU,917.72,2019-11-12 22:50:18
235,2016,52,Florida State,906.64,2019-11-12 22:50:18
236,2016,194,Ohio State,902.46,2019-11-12 22:50:18
237,2016,61,Georgia,872.0,2019-11-12 22:50:18
238,2016,2,Auburn,865.36,2019-11-12 22:50:18
239,2016,130,Michigan,852.78,2019-11-12 22:50:18
240,2016,228,Clemson,846.0,2019-11-12 22:50:18
241,2016,87,Notre Dame,842.35,2019-11-12 22:50:18
242,2016,251,Texas,838.97,2019-11-12 22:50:18
243,2016,26,UCLA,819.16,2019-11-12 22:50:18
244,2016,245,Texas A&M,814.63,2019-11-12 22:50:18
245,2016,2633,Tennessee,813.92,2019-11-12 22:50:18
246,2016,145,Ole Miss,808.15,2019-11-12 22:50:18
247,2016,57,Florida,798.44,2019-11-12 22:50:18
248,2016,24,Stanford,778.45,2019-11-12 22:50:18
249,2016,201,Oklahoma,777.48,2019-11-12 22:50:18
250,2016,2390,Miami,745.93,2019-11-12 22:50:18
251,2016,213,Penn State,742.52,2019-11-12 22:50:18
252,2016,2483,Oregon,738.29,2019-11-12 22:50:18
253,2016,127,Michigan State,719.7,2019-11-12 22:50:18
254,2016,2579,South Carolina,706.9,2019-11-12 22:50:18
255,2016,264,Washington,699.64,2019-11-12 22:50:18
256,2016,9,Arizona State,694.21,2019-11-12 22:50:18
257,2016,158,Nebraska,691.61,2019-11-12 22:50:18
258,2016,8,Arkansas,689.41,2019-11-12 22:50:18
259,2016,344,Mississippi State,679.14,2019-11-12 22:50:18
260,2016,153,North Carolina,669.61,2019-11-12 22:50:18
261,2016,2628,TCU,665.53,2019-11-12 22:50:18
262,2016,277,West Virginia,654.64,2019-11-12 22:50:18
263,2016,97,Louisville,654.13,2019-11-12 22:50:18
264,2016,96,Kentucky,652.07,2019-11-12 22:50:18
265,2016,120,Maryland,651.99,2019-11-12 22:50:18
266,2016,221,Pittsburgh,649.85,2019-11-12 22:50:18
267,2016,259,Virginia Tech,646.82,2019-11-12 22:50:18
268,2016,275,Wisconsin,643.76,2019-11-12 22:50:18
269,2016,142,Missouri,633.76,2019-11-12 22:50:18
270,2016,197,Oklahoma State,631.68,2019-11-12 22:50:18
271,2016,239,Baylor,619.18,2019-11-12 22:50:18
272,2016,238,Vanderbilt,619.03,2019-11-12 22:50:18
273,2016,258,Virginia,618.91,2019-11-12 22:50:18
274,2016,12,Arizona,616.31,2019-11-12 22:50:18
275,2016,152,NC State,616.29,2019-11-12 22:50:18
276,2016,77,Northwestern,613.55,2019-11-12 22:50:18
277,2016,2641,Texas Tech,604.93,2019-11-12 22:50:18
278,2016,25,California,601.17,2019-11-12 22:50:18
279,2016,150,Duke,599.82,2019-11-12 22:50:18
280,2016,164,Rutgers,585.47,2019-11-12 22:50:18
281,2016,59,Georgia Tech,582.55,2019-11-12 22:50:18
282,2016,254,Utah,580.07,2019-11-12 22:50:18
283,2016,248,Houston,572.7,2019-11-12 22:50:18
284,2016,84,Indiana,565.47,2019-11-12 22:50:18
285,2016,58,South Florida,563.99,2019-11-12 22:50:18
286,2016,2294,Iowa,558.73,2019-11-12 22:50:18
287,2016,66,Iowa State,552.17,2019-11-12 22:50:18
288,2016,68,Boise State,548.82,2019-11-12 22:50:18
289,2016,2132,Cincinnati,541.58,2019-11-12 22:50:18
290,2016,135,Minnesota,535.44,2019-11-12 22:50:18
291,2016,103,Boston College,533.39,2019-11-12 22:50:18
292,2016,252,BYU,529.05,2019-11-12 22:50:18
293,2016,38,Colorado,526.39,2019-11-12 22:50:18
294,2016,204,Oregon State,524.89,2019-11-12 22:50:18
295,2016,356,Illinois,523.91,2019-11-12 22:50:18
296,2016,265,Washington State,522.58,2019-11-12 22:50:18
297,2016,183,Syracuse,520.26,2019-11-12 22:50:18
298,2016,154,Wake Forest,517.63,2019-11-12 22:50:18
299,2016,2509,Purdue,512.72,2019-11-12 22:50:18
300,2016,2116,UCF,510.27,2019-11-12 22:50:18
301,2016,2306,Kansas State,505.29,2019-11-12 22:50:18
302,2016,218,Temple,492.72,2019-11-12 22:50:18
303,2016,2305,Kansas,491.0,2019-11-12 22:50:18
304,2016,276,Marshall,485.46,2019-11-12 22:50:18
305,2016,21,San Diego State,482.31,2019-11-12 22:50:18
306,2016,2567,SMU,474.03,2019-11-12 22:50:18
307,2016,2032,Arkansas State,471.45,2019-11-12 22:50:18
308,2016,2649,Toledo,460.86,2019-11-12 22:50:18
309,2016,2348,Louisiana Tech,451.38,2019-11-12 22:50:18
310,2016,235,Memphis,451.24,2019-11-12 22:50:18
311,2016,2006,Akron,443.73,2019-11-12 22:50:18
312,2016,2711,Western Michigan,443.16,2019-11-12 22:50:18
313,2016,151,East Carolina,442.26,2019-11-12 22:50:18
314,2016,2572,Southern Mississippi,441.29,2019-11-12 22:50:18
315,2016,23,San José State,437.36,2019-11-12 22:50:18
316,2016,2393,Middle Tennessee,436.6,2019-11-12 22:50:18
317,2016,290,Georgia Southern,435.33,2019-11-12 22:50:18
318,2016,41,Connecticut,423.56,2019-11-12 22:50:18
319,2016,309,Louisiana,421.37,2019-11-12 22:50:18
320,2016,193,Miami (OH),418.04,2019-11-12 22:50:18
321,2016,36,Colorado State,412.28,2019-11-12 22:50:18
322,2016,202,Tulsa,409.17,2019-11-12 22:50:18
323,2016,2226,Florida Atlantic,408.4,2019-11-12 22:50:18
324,2016,278,Fresno State,404.97,2019-11-12 22:50:18
325,2016,2459,Northern Illinois,403.27,2019-11-12 22:50:18
326,2016,98,Western Kentucky,401.82,2019-11-12 22:50:18
327,2016,2636,UT San Antonio,397.64,2019-11-12 22:50:18
328,2016,242,Rice,394.83,2019-11-12 22:50:18
329,2016,189,Bowling Green,392.66,2019-11-12 22:50:18
330,2016,2117,Central Michigan,391.81,2019-11-12 22:50:18
331,2016,2653,Troy,390.47,2019-11-12 22:50:18
332,2016,2440,Nevada,389.56,2019-11-12 22:50:18
333,2016,6,South Alabama,389.36,2019-11-12 22:50:18
334,2016,2655,Tulane,388.04,2019-11-12 22:50:18
335,2016,167,New Mexico,387.26,2019-11-12 22:50:18
336,2016,62,Hawai'i,384.97,2019-11-12 22:50:18
337,2016,2439,UNLV,376.26,2019-11-12 22:50:18
338,2016,195,Ohio,372.56,2019-11-12 22:50:18
339,2016,113,UMass,370.9,2019-11-12 22:50:18
340,2016,2050,Ball State,365.94,2019-11-12 22:50:18
341,2016,2229,Florida International,362.84,2019-11-12 22:50:18
342,2016,328,Utah State,357.13,2019-11-12 22:50:18
343,2016,326,Texas State,351.76,2019-11-12 22:50:18
344,2016,249,North Texas,351.58,2019-11-12 22:50:18
345,2016,2199,Eastern Michigan,347.7,2019-11-12 22:50:18
346,2016,295,Old Dominion,347.2,2019-11-12 22:50:18
347,2016,2084,Buffalo,343.64,2019-11-12 22:50:18
348,2016,2426,Navy,342.77,2019-11-12 22:50:18
349,2016,2309,Kent State,334.01,2019-11-12 22:50:18
350,2016,2026,Appalachian State,333.36,2019-11-12 22:50:18
351,2016,2429,Charlotte,330.55,2019-11-12 22:50:18
352,2016,2433,Louisiana Monroe,322.82,2019-11-12 22:50:18
353,2016,2247,Georgia State,321.79,2019-11-12 22:50:18
354,2016,2751,Wyoming,316.18,2019-11-12 22:50:18
355,2016,2638,UTEP,290.4,2019-11-12 22:50:18
356,2016,166,New Mexico State,267.66,2019-11-12 22:50:18
357,2016,70,Idaho,256.78,2019-11-12 22:50:18
358,2016,55,Jacksonville State,254.26,2019-11-12 22:50:18
359,2016,2198,Eastern Kentucky,184.88,2019-11-12 22:50:18
360,2016,43,Yale,165.17,2019-11-12 22:50:18
361,2016,2460,Northern Iowa,164.16,2019-11-12 22:50:18
362,2016,2502,Portland State,154.68,2019-11-12 22:50:18
363,2016,349,Army,131.74,2019-11-12 22:50:18
364,2016,2754,Youngstown State,130.84,2019-11-12 22:50:18
365,2016,256,James Madison,128.58,2019-11-12 22:50:18
366,2016,79,Southern Illinois,123.69,2019-11-12 22:50:18
367,2016,2545,Southeastern Louisiana,121.61,2019-11-12 22:50:18
368,2016,236,Chattanooga,119.2,2019-11-12 22:50:18
369,2016,2197,Eastern Illinois,119.04,2019-11-12 22:50:18
370,2016,2681,Wagner,118.43,2019-11-12 22:50:18
371,2016,2619,Stony Brook,118.15,2019-11-12 22:50:18
372,2016,2184,Duquesne,116.15,2019-11-12 22:50:18
373,2016,2630,UT Martin,107.98,2019-11-12 22:50:18
374,2016,2464,Northern Arizona,104.38,2019-11-12 22:50:18
375,2016,2287,Illinois State,102.21,2019-11-12 22:50:18
376,2016,2261,Hampton,99.46,2019-11-12 22:50:18
377,2016,119,Towson,95.18,2019-11-12 22:50:18
378,2016,2535,Samford,94.57,2019-11-12 22:50:18
379,2016,2755,Grambling,93.31,2019-11-12 22:50:18
380,2016,13,Cal Poly,91.73,2019-11-12 22:50:18
381,2016,2447,Nicholls,89.59,2019-11-12 22:50:18
382,2016,2296,Jackson State,86.85,2019-11-12 22:50:18
383,2016,149,Montana,83.1,2019-11-12 22:50:18
384,2016,2449,North Dakota State,81.65,2019-11-12 22:50:18
385,2016,2617,Stephen F. Austin,80.33,2019-11-12 22:50:18
386,2016,2710,Western Illinois,78.62,2019-11-12 22:50:18
387,2016,2546,Southeast Missouri State,76.33,2019-11-12 22:50:18
388,2016,2569,South Carolina State,75.71,2019-11-12 22:50:18
389,2016,324,Coastal Carolina,71.67,2019-11-12 22:50:18
390,2016,2377,McNeese,69.85,2019-11-12 22:50:18
391,2016,253,Southern Utah,68.79,2019-11-12 22:50:18
392,2016,2504,Prairie View,67.68,2019-11-12 22:50:18
393,2016,2450,Norfolk State,67.07,2019-11-12 22:50:18
394,2016,231,Furman,66.86,2019-11-12 22:50:18
395,2016,2127,Charleston Southern,65.6,2019-11-12 22:50:18
396,2016,147,Montana State,64.33,2019-11-12 22:50:18
397,2016,2065,Bethune-Cookman,63.39,2019-11-12 22:50:18
398,2016,93,Murray State,62.79,2019-11-12 22:50:18
399,2016,2110,Central Arkansas,62.11,2019-11-12 22:50:18
400,2016,2277,Houston Baptist,61.17,2019-11-12 22:50:18
401,2016,219,Pennsylvania,60.95,2019-11-12 22:50:18
402,2016,2382,Mercer,57.71,2019-11-12 22:50:18
403,2016,338,Kennesaw State,54.76,2019-11-12 22:50:18
404,2016,2692,Weber State,54.68,2019-11-12 22:50:18
405,2016,2011,Alabama State,53.46,2019-11-12 22:50:18
406,2016,2635,Tennessee Tech,53.0,2019-11-12 22:50:18
407,2016,257,Richmond,51.95,2019-11-12 22:50:18
408,2016,2634,Tennessee State,51.82,2019-11-12 22:50:18
409,2016,2582,Southern,46.97,2019-11-12 22:50:18
410,2016,16,Sacramento State,45.18,2019-11-12 22:50:18
411,2016,331,Eastern Washington,45.1,2019-11-12 22:50:18
412,2016,2046,Austin Peay,44.67,2019-11-12 22:50:18
413,2016,2005,Air Force,44.58,2019-11-12 22:50:18
414,2016,2640,Texas Southern,43.86,2019-11-12 22:50:18
415,2016,2320,Lamar,43.84,2019-11-12 22:50:18
416,2016,282,Indiana State,43.84,2019-11-12 22:50:18
417,2016,2729,William & Mary,43.54,2019-11-12 22:50:18
418,2016,2506,Presbyterian College,41.4,2019-11-12 22:50:18
419,2016,227,Rhode Island,41.24,2019-11-12 22:50:18
420,2016,2097,Campbell,40.68,2019-11-12 22:50:18
421,2016,2016,Alcorn State,39.3,2019-11-12 22:50:18
422,2016,2643,The Citadel,37.64,2019-11-12 22:50:18
423,2016,2230,Fordham,36.98,2019-11-12 22:50:18
424,2016,163,Princeton,36.73,2019-11-12 22:50:18
425,2016,2405,Monmouth,35.77,2019-11-12 22:50:18
426,2016,233,South Dakota,32.89,2019-11-12 22:50:18
427,2016,2466,Northwestern State,32.06,2019-11-12 22:50:18
428,2016,2678,VMI,31.43,2019-11-12 22:50:18
429,2016,2193,East Tennessee State,31.35,2019-11-12 22:50:18
430,2016,2674,Valparaiso,29.84,2019-11-12 22:50:18
431,2016,2458,Northern Colorado,29.66,2019-11-12 22:50:18
432,2016,2181,Drake,27.37,2019-11-12 22:50:18
433,2016,2523,Robert Morris,26.7,2019-11-12 22:50:18
434,2016,2010,Alabama A&M,26.31,2019-11-12 22:50:18
435,2016,304,Idaho State,25.18,2019-11-12 22:50:18
436,2016,222,Villanova,23.98,2019-11-12 22:50:18
437,2016,2542,Savannah State,23.51,2019-11-12 22:50:18
438,2016,311,Maine,23.37,2019-11-12 22:50:18
439,2016,2169,Delaware State,22.84,2019-11-12 22:50:18
440,2016,2241,Gardner-Webb,22.66,2019-11-12 22:50:18
441,2016,2086,Butler,21.56,2019-11-12 22:50:18
442,2016,171,Columbia,21.24,2019-11-12 22:50:18
443,2016,2335,Liberty,21.04,2019-11-12 22:50:18
444,2016,2000,Abilene Christian,19.77,2019-11-12 22:50:18
445,2016,2747,Wofford,19.48,2019-11-12 22:50:18
446,2016,2529,Sacred Heart,19.44,2019-11-12 22:50:18
447,2016,108,Harvard,17.28,2019-11-12 22:50:18
448,2016,225,Brown,16.92,2019-11-12 22:50:18
449,2016,50,Florida A&M,16.64,2019-11-12 22:50:18
450,2016,172,Cornell,15.89,2019-11-12 22:50:18
451,2016,2168,Dayton,14.99,2019-11-12 22:50:18
452,2016,107,Holy Cross,14.75,2019-11-12 22:50:18
453,2016,2717,Western Carolina,13.67,2019-11-12 22:50:18
454,2016,294,Jacksonville,13.41,2019-11-12 22:50:18
455,2016,2428,North Carolina Central,13.15,2019-11-12 22:50:18
456,2016,2623,Missouri State,12.7,2019-11-12 22:50:18
457,2016,46,Georgetown,12.6,2019-11-12 22:50:18
458,2016,160,New Hampshire,11.21,2019-11-12 22:50:18
459,2016,56,Stetson,9.99,2019-11-12 22:50:18
460,2016,47,Howard,7.53,2019-11-12 22:50:18
461,2016,2329,Lehigh,6.66,2019-11-12 22:50:18
462,2016,2115,Central Connecticut,6.66,2019-11-12 22:50:18
463,2016,301,San Diego,6.66,2019-11-12 22:50:18
464,2016,2413,Morehead State,6.66,2019-11-12 22:50:18
465,2016,2029,Arkansas-Pine Bluff,6.66,2019-11-12 22:50:18
466,2016,2803,Bryant,6.24,2019-11-12 22:50:18
467,2016,2448,North Carolina A&T,3.81,2019-11-12 22:50:18
468,2016,2598,St Francis (PA),1.74,2019-11-12 22:50:18
469,2017,333,Alabama,997.57,2019-11-12 22:50:18
470,2017,194,Ohio State,959.12,2019-11-12 22:50:18
471,2017,30,USC,934.0,2019-11-12 22:50:18
472,2017,61,Georgia,930.34,2019-11-12 22:50:18
473,2017,52,Florida State,924.97,2019-11-12 22:50:18
474,2017,99,LSU,907.1,2019-11-12 22:50:18
475,2017,130,Michigan,874.28,2019-11-12 22:50:18
476,2017,2,Auburn,867.43,2019-11-12 22:50:18
477,2017,228,Clemson,853.65,2019-11-12 22:50:18
478,2017,87,Notre Dame,837.71,2019-11-12 22:50:18
479,2017,26,UCLA,830.58,2019-11-12 22:50:18
480,2017,2633,Tennessee,817.34,2019-11-12 22:50:18
481,2017,251,Texas,811.03,2019-11-12 22:50:18
482,2017,24,Stanford,810.31,2019-11-12 22:50:18
483,2017,245,Texas A&M,807.27,2019-11-12 22:50:18
484,2017,201,Oklahoma,801.67,2019-11-12 22:50:18
485,2017,145,Ole Miss,795.7,2019-11-12 22:50:18
486,2017,57,Florida,793.83,2019-11-12 22:50:18
487,2017,213,Penn State,779.26,2019-11-12 22:50:18
488,2017,2390,Miami,749.08,2019-11-12 22:50:18
489,2017,9,Arizona State,720.44,2019-11-12 22:50:18
490,2017,2483,Oregon,720.23,2019-11-12 22:50:18
491,2017,8,Arkansas,717.01,2019-11-12 22:50:18
492,2017,264,Washington,706.52,2019-11-12 22:50:18
493,2017,2579,South Carolina,702.52,2019-11-12 22:50:18
494,2017,344,Mississippi State,701.06,2019-11-12 22:50:18
495,2017,153,North Carolina,697.54,2019-11-12 22:50:18
496,2017,120,Maryland,696.21,2019-11-12 22:50:18
497,2017,158,Nebraska,693.46,2019-11-12 22:50:18
498,2017,127,Michigan State,680.94,2019-11-12 22:50:18
499,2017,2628,TCU,672.81,2019-11-12 22:50:18
500,2017,96,Kentucky,671.45,2019-11-12 22:50:18
501,2017,259,Virginia Tech,662.18,2019-11-12 22:50:18
502,2017,221,Pittsburgh,660.36,2019-11-12 22:50:18
503,2017,239,Baylor,657.22,2019-11-12 22:50:18
504,2017,97,Louisville,640.98,2019-11-12 22:50:18
505,2017,275,Wisconsin,639.76,2019-11-12 22:50:18
506,2017,197,Oklahoma State,633.57,2019-11-12 22:50:18
507,2017,254,Utah,630.95,2019-11-12 22:50:18
508,2017,150,Duke,627.62,2019-11-12 22:50:18
509,2017,77,Northwestern,627.54,2019-11-12 22:50:18
510,2017,142,Missouri,623.33,2019-11-12 22:50:18
511,2017,277,West Virginia,613.18,2019-11-12 22:50:18
512,2017,152,NC State,609.76,2019-11-12 22:50:18
513,2017,238,Vanderbilt,607.68,2019-11-12 22:50:18
514,2017,12,Arizona,607.31,2019-11-12 22:50:18
515,2017,258,Virginia,603.88,2019-11-12 22:50:18
516,2017,25,California,603.06,2019-11-12 22:50:18
517,2017,2294,Iowa,592.95,2019-11-12 22:50:18
518,2017,2641,Texas Tech,574.93,2019-11-12 22:50:18
519,2017,164,Rutgers,574.78,2019-11-12 22:50:18
520,2017,59,Georgia Tech,574.35,2019-11-12 22:50:18
521,2017,252,BYU,574.09,2019-11-12 22:50:18
522,2017,2116,UCF,571.52,2019-11-12 22:50:18
523,2017,38,Colorado,568.59,2019-11-12 22:50:18
524,2017,66,Iowa State,559.34,2019-11-12 22:50:18
525,2017,248,Houston,558.72,2019-11-12 22:50:18
526,2017,204,Oregon State,557.02,2019-11-12 22:50:18
527,2017,58,South Florida,554.17,2019-11-12 22:50:18
528,2017,265,Washington State,549.42,2019-11-12 22:50:18
529,2017,84,Indiana,547.92,2019-11-12 22:50:18
530,2017,135,Minnesota,543.8,2019-11-12 22:50:18
531,2017,183,Syracuse,539.6,2019-11-12 22:50:18
532,2017,356,Illinois,538.83,2019-11-12 22:50:18
533,2017,103,Boston College,535.21,2019-11-12 22:50:18
534,2017,154,Wake Forest,527.21,2019-11-12 22:50:18
535,2017,2306,Kansas State,517.85,2019-11-12 22:50:18
536,2017,2305,Kansas,512.24,2019-11-12 22:50:18
537,2017,235,Memphis,504.49,2019-11-12 22:50:18
538,2017,2509,Purdue,502.71,2019-11-12 22:50:18
539,2017,68,Boise State,501.53,2019-11-12 22:50:18
540,2017,2132,Cincinnati,500.95,2019-11-12 22:50:18
541,2017,2567,SMU,492.63,2019-11-12 22:50:18
542,2017,151,East Carolina,471.1,2019-11-12 22:50:18
543,2017,2226,Florida Atlantic,470.88,2019-11-12 22:50:18
544,2017,218,Temple,468.29,2019-11-12 22:50:18
545,2017,276,Marshall,445.48,2019-11-12 22:50:18
546,2017,36,Colorado State,441.98,2019-11-12 22:50:18
547,2017,2032,Arkansas State,436.05,2019-11-12 22:50:18
548,2017,202,Tulsa,422.77,2019-11-12 22:50:18
549,2017,41,Connecticut,420.17,2019-11-12 22:50:18
550,2017,21,San Diego State,419.43,2019-11-12 22:50:18
551,2017,2711,Western Michigan,414.35,2019-11-12 22:50:18
552,2017,193,Miami (OH),413.24,2019-11-12 22:50:18
553,2017,2655,Tulane,396.43,2019-11-12 22:50:18
554,2017,2348,Louisiana Tech,394.31,2019-11-12 22:50:18
555,2017,2572,Southern Mississippi,394.24,2019-11-12 22:50:18
556,2017,6,South Alabama,387.88,2019-11-12 22:50:18
557,2017,2117,Central Michigan,387.2,2019-11-12 22:50:18
558,2017,23,San José State,378.56,2019-11-12 22:50:18
559,2017,2426,Navy,376.2,2019-11-12 22:50:18
560,2017,278,Fresno State,374.63,2019-11-12 22:50:18
561,2017,2459,Northern Illinois,373.99,2019-11-12 22:50:18
562,2017,113,UMass,367.59,2019-11-12 22:50:18
563,2017,2649,Toledo,366.47,2019-11-12 22:50:18
564,2017,290,Georgia Southern,365.57,2019-11-12 22:50:18
565,2017,2247,Georgia State,364.16,2019-11-12 22:50:18
566,2017,189,Bowling Green,361.82,2019-11-12 22:50:18
567,2017,2653,Troy,352.1,2019-11-12 22:50:18
568,2017,242,Rice,345.79,2019-11-12 22:50:18
569,2017,2393,Middle Tennessee,344.65,2019-11-12 22:50:18
570,2017,167,New Mexico,344.64,2019-11-12 22:50:18
571,2017,2440,Nevada,341.11,2019-11-12 22:50:18
572,2017,2006,Akron,337.11,2019-11-12 22:50:18
573,2017,2026,Appalachian State,335.87,2019-11-12 22:50:18
574,2017,2229,Florida International,334.18,2019-11-12 22:50:18
575,2017,98,Western Kentucky,332.17,2019-11-12 22:50:18
576,2017,295,Old Dominion,331.2,2019-11-12 22:50:18
577,2017,2439,UNLV,331.18,2019-11-12 22:50:18
578,2017,62,Hawai'i,330.56,2019-11-12 22:50:18
579,2017,328,Utah State,330.2,2019-11-12 22:50:18
580,2017,309,Louisiana,329.24,2019-11-12 22:50:18
581,2017,195,Ohio,326.14,2019-11-12 22:50:18
582,2017,2050,Ball State,318.17,2019-11-12 22:50:18
583,2017,2433,Louisiana Monroe,303.96,2019-11-12 22:50:18
584,2017,249,North Texas,303.13,2019-11-12 22:50:18
585,2017,2084,Buffalo,294.08,2019-11-12 22:50:18
586,2017,2199,Eastern Michigan,292.11,2019-11-12 22:50:18
587,2017,2636,UT San Antonio,291.62,2019-11-12 22:50:18
588,2017,2309,Kent State,288.56,2019-11-12 22:50:18
589,2017,2429,Charlotte,283.01,2019-11-12 22:50:18
590,2017,2751,Wyoming,277.07,2019-11-12 22:50:18
591,2017,326,Texas State,274.67,2019-11-12 22:50:18
592,2017,2638,UTEP,264.42,2019-11-12 22:50:18
593,2017,166,New Mexico State,233.47,2019-11-12 22:50:18
594,2017,70,Idaho,184.75,2019-11-12 22:50:18
595,2017,256,James Madison,179.5,2019-11-12 22:50:18
596,2017,5,UAB,170.05,2019-11-12 22:50:18
597,2017,2502,Portland State,147.63,2019-11-12 22:50:18
598,2017,324,Coastal Carolina,119.43,2019-11-12 22:50:18
599,2017,2619,Stony Brook,111.94,2019-11-12 22:50:18
600,2017,119,Towson,106.93,2019-11-12 22:50:18
601,2017,349,Army,88.72,2019-11-12 22:50:18
602,2017,149,Montana,80.03,2019-11-12 22:50:18
603,2017,13,Cal Poly,76.98,2019-11-12 22:50:18
604,2017,2127,Charleston Southern,72.38,2019-11-12 22:50:18
605,2017,257,Richmond,71.64,2019-11-12 22:50:18
606,2017,338,Kennesaw State,70.97,2019-11-12 22:50:18
607,2017,2464,Northern Arizona,69.2,2019-11-12 22:50:18
608,2017,227,Rhode Island,65.72,2019-11-12 22:50:18
609,2017,2692,Weber State,51.74,2019-11-12 22:50:18
610,2017,16,Sacramento State,46.67,2019-11-12 22:50:18
611,2017,2729,William & Mary,40.05,2019-11-12 22:50:18
612,2017,311,Maine,38.99,2019-11-12 22:50:18
613,2017,253,Southern Utah,33.11,2019-11-12 22:50:18
614,2017,2458,Northern Colorado,32.58,2019-11-12 22:50:18
615,2017,147,Montana State,26.4,2019-11-12 22:50:18
616,2017,2241,Gardner-Webb,23.01,2019-11-12 22:50:18
617,2017,2405,Monmouth,21.44,2019-11-12 22:50:18
618,2017,2005,Air Force,21.1,2019-11-12 22:50:18
619,2017,331,Eastern Washington,19.95,2019-11-12 22:50:18
620,2017,2335,Liberty,19.85,2019-11-12 22:50:18
621,2017,304,Idaho State,15.22,2019-11-12 22:50:18
622,2017,2506,Presbyterian College,14.91,2019-11-12 22:50:18
623,2017,2210,Elon,13.41,2019-11-12 22:50:18
624,2017,222,Villanova,11.65,2019-11-12 22:50:18
625,2017,160,New Hampshire,11.21,2019-11-12 22:50:18
626,2018,194,Ohio State,984.3,2019-11-12 22:50:18
627,2018,333,Alabama,978.54,2019-11-12 22:50:18
628,2018,61,Georgia,964.0,2019-11-12 22:50:18
629,2018,30,USC,933.65,2019-11-12 22:50:18
630,2018,228,Clemson,893.21,2019-11-12 22:50:18
631,2018,99,LSU,889.91,2019-11-12 22:50:18
632,2018,52,Florida State,888.75,2019-11-12 22:50:18
633,2018,130,Michigan,862.35,2019-11-12 22:50:18
634,2018,251,Texas,861.2,2019-11-12 22:50:18
635,2018,87,Notre Dame,847.85,2019-11-12 22:50:18
636,2018,201,Oklahoma,843.79,2019-11-12 22:50:18
637,2018,213,Penn State,834.24,2019-11-12 22:50:18
638,2018,57,Florida,831.78,2019-11-12 22:50:18
639,2018,2,Auburn,827.37,2019-11-12 22:50:18
640,2018,2633,Tennessee,826.98,2019-11-12 22:50:18
641,2018,245,Texas A&M,805.66,2019-11-12 22:50:18
642,2018,24,Stanford,786.63,2019-11-12 22:50:18
643,2018,264,Washington,772.88,2019-11-12 22:50:18
644,2018,26,UCLA,754.31,2019-11-12 22:50:18
645,2018,2390,Miami,753.72,2019-11-12 22:50:18
646,2018,2579,South Carolina,749.98,2019-11-12 22:50:18
647,2018,145,Ole Miss,734.0,2019-11-12 22:50:18
648,2018,344,Mississippi State,729.97,2019-11-12 22:50:18
649,2018,120,Maryland,725.94,2019-11-12 22:50:18
650,2018,158,Nebraska,711.22,2019-11-12 22:50:18
651,2018,2483,Oregon,695.81,2019-11-12 22:50:18
652,2018,8,Arkansas,694.63,2019-11-12 22:50:18
653,2018,153,North Carolina,688.48,2019-11-12 22:50:18
654,2018,9,Arizona State,687.72,2019-11-12 22:50:18
655,2018,259,Virginia Tech,675.71,2019-11-12 22:50:18
656,2018,2628,TCU,671.88,2019-11-12 22:50:18
657,2018,96,Kentucky,670.27,2019-11-12 22:50:18
658,2018,239,Baylor,668.37,2019-11-12 22:50:18
659,2018,127,Michigan State,658.85,2019-11-12 22:50:18
660,2018,275,Wisconsin,653.5,2019-11-12 22:50:18
661,2018,277,West Virginia,646.91,2019-11-12 22:50:18
662,2018,197,Oklahoma State,645.01,2019-11-12 22:50:18
663,2018,221,Pittsburgh,637.96,2019-11-12 22:50:18
664,2018,150,Duke,635.63,2019-11-12 22:50:18
665,2018,97,Louisville,632.22,2019-11-12 22:50:18
666,2018,152,NC State,629.39,2019-11-12 22:50:18
667,2018,2294,Iowa,615.08,2019-11-12 22:50:18
668,2018,238,Vanderbilt,611.99,2019-11-12 22:50:18
669,2018,77,Northwestern,608.89,2019-11-12 22:50:18
670,2018,25,California,596.08,2019-11-12 22:50:18
671,2018,142,Missouri,595.14,2019-11-12 22:50:18
672,2018,254,Utah,594.6,2019-11-12 22:50:18
673,2018,135,Minnesota,588.97,2019-11-12 22:50:18
674,2018,59,Georgia Tech,583.49,2019-11-12 22:50:18
675,2018,12,Arizona,580.54,2019-11-12 22:50:18
676,2018,248,Houston,577.17,2019-11-12 22:50:18
677,2018,66,Iowa State,575.76,2019-11-12 22:50:18
678,2018,38,Colorado,575.65,2019-11-12 22:50:18
679,2018,183,Syracuse,570.2,2019-11-12 22:50:18
680,2018,2116,UCF,568.35,2019-11-12 22:50:18
681,2018,252,BYU,565.85,2019-11-12 22:50:18
682,2018,84,Indiana,564.04,2019-11-12 22:50:18
683,2018,356,Illinois,562.67,2019-11-12 22:50:18
684,2018,2641,Texas Tech,561.59,2019-11-12 22:50:18
685,2018,164,Rutgers,555.24,2019-11-12 22:50:18
686,2018,265,Washington State,554.77,2019-11-12 22:50:18
687,2018,58,South Florida,548.62,2019-11-12 22:50:18
688,2018,2306,Kansas State,547.43,2019-11-12 22:50:18
689,2018,2132,Cincinnati,543.78,2019-11-12 22:50:18
690,2018,68,Boise State,543.43,2019-11-12 22:50:18
691,2018,258,Virginia,542.4,2019-11-12 22:50:18
692,2018,2226,Florida Atlantic,537.93,2019-11-12 22:50:18
693,2018,204,Oregon State,535.36,2019-11-12 22:50:18
694,2018,103,Boston College,533.43,2019-11-12 22:50:18
695,2018,154,Wake Forest,525.48,2019-11-12 22:50:18
696,2018,2509,Purdue,520.48,2019-11-12 22:50:18
697,2018,2305,Kansas,517.1,2019-11-12 22:50:18
698,2018,2567,SMU,485.46,2019-11-12 22:50:18
699,2018,235,Memphis,480.07,2019-11-12 22:50:18
700,2018,36,Colorado State,479.97,2019-11-12 22:50:18
701,2018,218,Temple,478.3,2019-11-12 22:50:18
702,2018,2348,Louisiana Tech,477.5,2019-11-12 22:50:18
703,2018,2229,Florida International,476.52,2019-11-12 22:50:18
704,2018,21,San Diego State,472.6,2019-11-12 22:50:18
705,2018,2649,Toledo,463.96,2019-11-12 22:50:18
706,2018,278,Fresno State,459.07,2019-11-12 22:50:18
707,2018,276,Marshall,451.61,2019-11-12 22:50:18
708,2018,2655,Tulane,445.36,2019-11-12 22:50:18
709,2018,2711,Western Michigan,442.29,2019-11-12 22:50:18
710,2018,151,East Carolina,434.48,2019-11-12 22:50:18
711,2018,2032,Arkansas State,433.73,2019-11-12 22:50:18
712,2018,2440,Nevada,432.4,2019-11-12 22:50:18
713,2018,2459,Northern Illinois,432.31,2019-11-12 22:50:18
714,2018,23,San José State,430.62,2019-11-12 22:50:18
715,2018,193,Miami (OH),421.22,2019-11-12 22:50:18
716,2018,2393,Middle Tennessee,414.19,2019-11-12 22:50:18
717,2018,2117,Central Michigan,413.6,2019-11-12 22:50:18
718,2018,167,New Mexico,411.95,2019-11-12 22:50:18
719,2018,2636,UT San Antonio,405.2,2019-11-12 22:50:18
720,2018,2247,Georgia State,404.34,2019-11-12 22:50:18
721,2018,2439,UNLV,400.76,2019-11-12 22:50:18
722,2018,6,South Alabama,394.24,2019-11-12 22:50:18
723,2018,41,Connecticut,389.2,2019-11-12 22:50:18
724,2018,113,UMass,388.91,2019-11-12 22:50:18
725,2018,5,UAB,387.71,2019-11-12 22:50:18
726,2018,2572,Southern Mississippi,387.32,2019-11-12 22:50:18
727,2018,328,Utah State,377.39,2019-11-12 22:50:18
728,2018,309,Louisiana,376.68,2019-11-12 22:50:18
729,2018,189,Bowling Green,375.14,2019-11-12 22:50:18
730,2018,242,Rice,375.12,2019-11-12 22:50:18
731,2018,2084,Buffalo,369.14,2019-11-12 22:50:18
732,2018,249,North Texas,368.58,2019-11-12 22:50:18
733,2018,202,Tulsa,368.14,2019-11-12 22:50:18
734,2018,2050,Ball State,362.1,2019-11-12 22:50:18
735,2018,2006,Akron,361.0,2019-11-12 22:50:18
736,2018,2026,Appalachian State,356.16,2019-11-12 22:50:18
737,2018,98,Western Kentucky,353.43,2019-11-12 22:50:18
738,2018,2653,Troy,352.36,2019-11-12 22:50:18
739,2018,2309,Kent State,351.73,2019-11-12 22:50:18
740,2018,2426,Navy,349.26,2019-11-12 22:50:18
741,2018,2751,Wyoming,348.34,2019-11-12 22:50:18
742,2018,195,Ohio,346.18,2019-11-12 22:50:18
743,2018,2638,UTEP,345.76,2019-11-12 22:50:18
744,2018,2199,Eastern Michigan,344.06,2019-11-12 22:50:18
745,2018,62,Hawai'i,343.97,2019-11-12 22:50:18
746,2018,295,Old Dominion,333.18,2019-11-12 22:50:18
747,2018,2433,Louisiana Monroe,326.66,2019-11-12 22:50:18
748,2018,2429,Charlotte,311.0,2019-11-12 22:50:18
749,2018,290,Georgia Southern,303.12,2019-11-12 22:50:18
750,2018,326,Texas State,302.55,2019-11-12 22:50:18
751,2018,324,Coastal Carolina,284.24,2019-11-12 22:50:18
752,2018,166,New Mexico State,249.32,2019-11-12 22:50:18
753,2018,349,Army,230.75,2019-11-12 22:50:18
754,2018,2005,Air Force,186.27,2019-11-12 22:50:18
755,2018,55,Jacksonville State,174.86,2019-11-12 22:50:18
756,2018,2261,Hampton,149.11,2019-11-12 22:50:18
757,2018,256,James Madison,147.11,2019-11-12 22:50:18
758,2018,2545,Southeastern Louisiana,135.64,2019-11-12 22:50:18
759,2018,2534,Sam Houston State,133.13,2019-11-12 22:50:18
760,2018,2534,Sam Houston State,133.13,2019-11-12 22:50:18
761,2018,2046,Austin Peay,123.4,2019-11-12 22:50:18
762,2018,2011,Alabama State,118.68,2019-11-12 22:50:18
763,2018,2184,Duquesne,113.21,2019-11-12 22:50:18
764,2018,236,Chattanooga,112.15,2019-11-12 22:50:18
765,2018,2287,Illinois State,109.44,2019-11-12 22:50:18
766,2018,79,Southern Illinois,108.59,2019-11-12 22:50:18
767,2018,2198,Eastern Kentucky,107.58,2019-11-12 22:50:18
768,2018,2619,Stony Brook,106.51,2019-11-12 22:50:18
769,2018,147,Montana State,98.98,2019-11-12 22:50:18
770,2018,2630,UT Martin,98.34,2019-11-12 22:50:18
771,2018,2335,Liberty,93.99,2019-11-12 22:50:18
772,2018,70,Idaho,87.35,2019-11-12 22:50:18
773,2018,338,Kennesaw State,86.45,2019-11-12 22:50:18
774,2018,2502,Portland State,85.83,2019-11-12 22:50:18
775,2018,2464,Northern Arizona,85.03,2019-11-12 22:50:18
776,2018,2535,Samford,84.29,2019-11-12 22:50:18
777,2018,2449,North Dakota State,83.68,2019-11-12 22:50:18
778,2018,119,Towson,83.58,2019-11-12 22:50:18
779,2018,2640,Texas Southern,83.08,2019-11-12 22:50:18
780,2018,2634,Tennessee State,82.27,2019-11-12 22:50:18
781,2018,257,Richmond,82.2,2019-11-12 22:50:18
782,2018,48,Delaware,79.23,2019-11-12 22:50:18
783,2018,2754,Youngstown State,70.45,2019-11-12 22:50:18
784,2018,2755,Grambling,69.99,2019-11-12 22:50:18
785,2018,2546,Southeast Missouri State,69.85,2019-11-12 22:50:18
786,2018,2710,Western Illinois,66.84,2019-11-12 22:50:18
787,2018,2447,Nicholls,66.08,2019-11-12 22:50:18
788,2018,227,Rhode Island,62.64,2019-11-12 22:50:18
789,2018,2065,Bethune-Cookman,61.9,2019-11-12 22:50:18
790,2018,231,Furman,59.57,2019-11-12 22:50:18
791,2018,2097,Campbell,58.46,2019-11-12 22:50:18
792,2018,2450,Norfolk State,56.44,2019-11-12 22:50:18
793,2018,2623,Missouri State,53.43,2019-11-12 22:50:18
794,2018,2692,Weber State,51.74,2019-11-12 22:50:18
795,2018,2127,Charleston Southern,51.01,2019-11-12 22:50:18
796,2018,149,Montana,49.16,2019-11-12 22:50:18
797,2018,2504,Prairie View,47.1,2019-11-12 22:50:18
798,2018,2617,Stephen F. Austin,46.25,2019-11-12 22:50:18
799,2018,2377,McNeese,43.55,2019-11-12 22:50:18
800,2018,2000,Abilene Christian,43.1,2019-11-12 22:50:18
801,2018,2448,North Carolina A&T,39.98,2019-11-12 22:50:18
802,2018,50,Florida A&M,39.57,2019-11-12 22:50:18
803,2018,93,Murray State,37.82,2019-11-12 22:50:18
804,2018,13,Cal Poly,37.28,2019-11-12 22:50:18
805,2018,2717,Western Carolina,35.54,2019-11-12 22:50:18
806,2018,2415,Morgan State,35.38,2019-11-12 22:50:18
807,2018,2193,East Tennessee State,35.09,2019-11-12 22:50:18
808,2018,2460,Northern Iowa,34.7,2019-11-12 22:50:18
809,2018,2681,Wagner,32.77,2019-11-12 22:50:18
810,2018,2086,Butler,31.53,2019-11-12 22:50:18
811,2018,399,Albany,31.53,2019-11-12 22:50:18
812,2018,2428,North Carolina Central,31.0,2019-11-12 22:50:18
813,2018,2453,North Alabama,30.02,2019-11-12 22:50:18
814,2018,2643,The Citadel,29.01,2019-11-12 22:50:18
815,2018,2571,South Dakota State,28.73,2019-11-12 22:50:18
816,2018,2729,William & Mary,28.69,2019-11-12 22:50:18
817,2018,2405,Monmouth,28.13,2019-11-12 22:50:18
818,2018,2635,Tennessee Tech,27.77,2019-11-12 22:50:18
819,2018,163,Princeton,27.29,2019-11-12 22:50:18
820,2018,2569,South Carolina State,27.01,2019-11-12 22:50:18
821,2018,2277,Houston Baptist,26.8,2019-11-12 22:50:18
822,2018,2803,Bryant,24.33,2019-11-12 22:50:18
823,2018,155,North Dakota,23.99,2019-11-12 22:50:18
824,2018,282,Indiana State,23.88,2019-11-12 22:50:18
825,2018,2110,Central Arkansas,23.59,2019-11-12 22:50:18
826,2018,2916,Incarnate Word,23.03,2019-11-12 22:50:18
827,2018,233,South Dakota,22.43,2019-11-12 22:50:18
828,2018,2582,Southern,22.25,2019-11-12 22:50:18
829,2018,2169,Delaware State,21.32,2019-11-12 22:50:18
830,2018,2466,Northwestern State,20.95,2019-11-12 22:50:18
831,2018,304,Idaho State,20.5,2019-11-12 22:50:18
832,2018,16,Sacramento State,20.45,2019-11-12 22:50:18
833,2018,2016,Alcorn State,20.41,2019-11-12 22:50:18
834,2018,331,Eastern Washington,19.95,2019-11-12 22:50:18
835,2018,2529,Sacred Heart,19.62,2019-11-12 22:50:18
836,2018,311,Maine,18.93,2019-11-12 22:50:18
837,2018,47,Howard,17.6,2019-11-12 22:50:18
838,2018,294,Jacksonville,17.49,2019-11-12 22:50:18
839,2018,2230,Fordham,15.33,2019-11-12 22:50:18
840,2018,2296,Jackson State,14.46,2019-11-12 22:50:18
841,2018,2241,Gardner-Webb,14.11,2019-11-12 22:50:18
842,2018,2382,Mercer,13.96,2019-11-12 22:50:18
843,2018,2320,Lamar,13.91,2019-11-12 22:50:18
844,2018,172,Cornell,13.71,2019-11-12 22:50:18
845,2018,2458,Northern Colorado,13.41,2019-11-12 22:50:18
846,2018,56,Stetson,13.33,2019-11-12 22:50:18
847,2018,108,Harvard,13.33,2019-11-12 22:50:18
848,2018,2598,St Francis (PA),13.0,2019-11-12 22:50:18
849,2018,2678,VMI,11.9,2019-11-12 22:50:18
850,2018,253,Southern Utah,11.84,2019-11-12 22:50:18
851,2018,46,Georgetown,11.1,2019-11-12 22:50:18
852,2018,2181,Drake,11.1,2019-11-12 22:50:18
853,2018,2523,Robert Morris,9.24,2019-11-12 22:50:18
854,2018,2029,Arkansas-Pine Bluff,8.98,2019-11-12 22:50:18
855,2018,2168,Dayton,8.88,2019-11-12 22:50:18
856,2018,107,Holy Cross,7.31,2019-11-12 22:50:18
857,2018,2115,Central Connecticut,7.09,2019-11-12 22:50:18
858,2018,2197,Eastern Illinois,6.75,2019-11-12 22:50:18
859,2018,2329,Lehigh,6.66,2019-11-12 22:50:18
860,2018,2210,Elon,6.66,2019-11-12 22:50:18
861,2018,2368,Marist,4.44,2019-11-12 22:50:18
862,2018,43,Yale,3.3,2019-11-12 22:50:18
863,2019,333,Alabama,984.96,2019-11-12 22:50:18
864,2019,194,Ohio State,973.56,2019-11-12 22:50:18
865,2019,61,Georgia,960.16,2019-11-12 22:50:18
866,2019,30,USC,915.56,2019-11-12 22:50:18
867,2019,99,LSU,906.17,2019-11-12 22:50:18
868,2019,52,Florida State,878.07,2019-11-12 22:50:18
869,2019,251,Texas,877.91,2019-11-12 22:50:18
870,2019,201,Oklahoma,869.53,2019-11-12 22:50:18
871,2019,228,Clemson,863.03,2019-11-12 22:50:18
872,2019,213,Penn State,857.34,2019-11-12 22:50:18
873,2019,130,Michigan,853.4,2019-11-12 22:50:18
874,2019,245,Texas A&M,848.89,2019-11-12 22:50:18
875,2019,2,Auburn,843.93,2019-11-12 22:50:18
876,2019,87,Notre Dame,843.29,2019-11-12 22:50:18
877,2019,57,Florida,835.68,2019-11-12 22:50:18
878,2019,2633,Tennessee,830.34,2019-11-12 22:50:18
879,2019,2483,Oregon,817.7,2019-11-12 22:50:18
880,2019,2390,Miami,815.12,2019-11-12 22:50:18
881,2019,264,Washington,801.33,2019-11-12 22:50:18
882,2019,24,Stanford,787.59,2019-11-12 22:50:18
883,2019,2579,South Carolina,762.68,2019-11-12 22:50:18
884,2019,26,UCLA,741.4,2019-11-12 22:50:18
885,2019,344,Mississippi State,732.68,2019-11-12 22:50:18
886,2019,158,Nebraska,729.47,2019-11-12 22:50:18
887,2019,145,Ole Miss,717.92,2019-11-12 22:50:18
888,2019,8,Arkansas,707.72,2019-11-12 22:50:18
889,2019,120,Maryland,703.94,2019-11-12 22:50:18
890,2019,153,North Carolina,697.75,2019-11-12 22:50:18
891,2019,259,Virginia Tech,696.39,2019-11-12 22:50:18
892,2019,2628,TCU,691.63,2019-11-12 22:50:18
893,2019,127,Michigan State,688.74,2019-11-12 22:50:18
894,2019,9,Arizona State,686.44,2019-11-12 22:50:18
895,2019,275,Wisconsin,675.8,2019-11-12 22:50:18
896,2019,96,Kentucky,672.74,2019-11-12 22:50:18
897,2019,239,Baylor,668.9,2019-11-12 22:50:18
898,2019,152,NC State,668.85,2019-11-12 22:50:18
899,2019,356,Illinois,661.73,2019-11-12 22:50:18
900,2019,97,Louisville,645.84,2019-11-12 22:50:18
901,2019,197,Oklahoma State,644.42,2019-11-12 22:50:18
902,2019,142,Missouri,642.83,2019-11-12 22:50:18
903,2019,277,West Virginia,639.11,2019-11-12 22:50:18
904,2019,221,Pittsburgh,637.95,2019-11-12 22:50:18
905,2019,2294,Iowa,637.65,2019-11-12 22:50:18
906,2019,150,Duke,633.24,2019-11-12 22:50:18
907,2019,59,Georgia Tech,629.1,2019-11-12 22:50:18
908,2019,135,Minnesota,621.36,2019-11-12 22:50:18
909,2019,254,Utah,620.35,2019-11-12 22:50:18
910,2019,38,Colorado,614.27,2019-11-12 22:50:18
911,2019,77,Northwestern,612.62,2019-11-12 22:50:18
912,2019,25,California,611.58,2019-11-12 22:50:18
913,2019,2509,Purdue,607.4,2019-11-12 22:50:18
914,2019,238,Vanderbilt,605.06,2019-11-12 22:50:18
915,2019,84,Indiana,603.81,2019-11-12 22:50:18
916,2019,2116,UCF,598.57,2019-11-12 22:50:18
917,2019,248,Houston,597.62,2019-11-12 22:50:18
918,2019,66,Iowa State,597.15,2019-11-12 22:50:18
919,2019,204,Oregon State,595.5,2019-11-12 22:50:18
920,2019,164,Rutgers,587.28,2019-11-12 22:50:18
921,2019,258,Virginia,580.28,2019-11-12 22:50:18
922,2019,2641,Texas Tech,577.21,2019-11-12 22:50:18
923,2019,2132,Cincinnati,576.61,2019-11-12 22:50:18
924,2019,183,Syracuse,574.82,2019-11-12 22:50:18
925,2019,12,Arizona,570.07,2019-11-12 22:50:18
926,2019,2567,SMU,565.15,2019-11-12 22:50:18
927,2019,103,Boston College,564.95,2019-11-12 22:50:18
928,2019,154,Wake Forest,563.24,2019-11-12 22:50:18
929,2019,68,Boise State,561.42,2019-11-12 22:50:18
930,2019,252,BYU,560.78,2019-11-12 22:50:18
931,2019,58,South Florida,559.66,2019-11-12 22:50:18
932,2019,265,Washington State,556.27,2019-11-12 22:50:18
933,2019,235,Memphis,551.97,2019-11-12 22:50:18
934,2019,2306,Kansas State,543.49,2019-11-12 22:50:18
935,2019,2229,Florida International,532.88,2019-11-12 22:50:18
936,2019,2305,Kansas,528.62,2019-11-12 22:50:18
937,2019,2226,Florida Atlantic,524.02,2019-11-12 22:50:18
938,2019,36,Colorado State,518.83,2019-11-12 22:50:18
939,2019,21,San Diego State,504.19,2019-11-12 22:50:18
940,2019,2348,Louisiana Tech,501.25,2019-11-12 22:50:18
941,2019,276,Marshall,489.63,2019-11-12 22:50:18
942,2019,218,Temple,489.03,2019-11-12 22:50:18
943,2019,2655,Tulane,486.98,2019-11-12 22:50:18
944,2019,98,Western Kentucky,486.97,2019-11-12 22:50:18
945,2019,278,Fresno State,482.79,2019-11-12 22:50:18
946,2019,2636,UT San Antonio,471.36,2019-11-12 22:50:18
947,2019,151,East Carolina,468.23,2019-11-12 22:50:18
948,2019,2439,UNLV,462.72,2019-11-12 22:50:18
949,2019,2440,Nevada,461.96,2019-11-12 22:50:18
950,2019,249,North Texas,457.24,2019-11-12 22:50:18
951,2019,2572,Southern Mississippi,456.29,2019-11-12 22:50:18
952,2019,2711,Western Michigan,452.05,2019-11-12 22:50:18
953,2019,2649,Toledo,451.43,2019-11-12 22:50:18
954,2019,2393,Middle Tennessee,450.79,2019-11-12 22:50:18
955,2019,2032,Arkansas State,447.87,2019-11-12 22:50:18
956,2019,5,UAB,441.81,2019-11-12 22:50:18
957,2019,23,San José State,433.33,2019-11-12 22:50:18
958,2019,202,Tulsa,424.54,2019-11-12 22:50:18
959,2019,328,Utah State,424.16,2019-11-12 22:50:18
960,2019,62,Hawai'i,420.99,2019-11-12 22:50:18
961,2019,2117,Central Michigan,416.63,2019-11-12 22:50:18
962,2019,41,Connecticut,412.55,2019-11-12 22:50:18
963,2019,2026,Appalachian State,412.32,2019-11-12 22:50:18
964,2019,290,Georgia Southern,411.8,2019-11-12 22:50:18
965,2019,309,Louisiana,406.49,2019-11-12 22:50:18
966,2019,167,New Mexico,401.9,2019-11-12 22:50:18
967,2019,2459,Northern Illinois,397.98,2019-11-12 22:50:18
968,2019,2751,Wyoming,397.9,2019-11-12 22:50:18
969,2019,242,Rice,397.04,2019-11-12 22:50:18
970,2019,2653,Troy,388.67,2019-11-12 22:50:18
971,2019,2429,Charlotte,386.38,2019-11-12 22:50:18
972,2019,6,South Alabama,381.38,2019-11-12 22:50:18
973,2019,295,Old Dominion,374.74,2019-11-12 22:50:18
974,2019,2247,Georgia State,369.05,2019-11-12 22:50:18
975,2019,193,Miami (OH),359.14,2019-11-12 22:50:18
976,2019,113,UMass,358.88,2019-11-12 22:50:18
977,2019,2638,UTEP,355.31,2019-11-12 22:50:18
978,2019,326,Texas State,348.47,2019-11-12 22:50:18
979,2019,2433,Louisiana Monroe,346.03,2019-11-12 22:50:18
980,2019,195,Ohio,337.17,2019-11-12 22:50:18
981,2019,2426,Navy,335.4,2019-11-12 22:50:18
982,2019,2050,Ball State,327.92,2019-11-12 22:50:18
983,2019,2199,Eastern Michigan,317.49,2019-11-12 22:50:18
984,2019,189,Bowling Green,315.44,2019-11-12 22:50:18
985,2019,2309,Kent State,313.22,2019-11-12 22:50:18
986,2019,2006,Akron,312.81,2019-11-12 22:50:18
987,2019,324,Coastal Carolina,305.73,2019-11-12 22:50:18
988,2019,2084,Buffalo,284.74,2019-11-12 22:50:18
989,2019,166,New Mexico State,269.79,2019-11-12 22:50:18
990,2019,349,Army,265.19,2019-11-12 22:50:18
991,2019,2534,Sam Houston State,184.58,2019-11-12 22:50:18
992,2019,2545,Southeastern Louisiana,178.38,2019-11-12 22:50:18
993,2019,2447,Nicholls,155.75,2019-11-12 22:50:18
994,2019,236,Chattanooga,155.43,2019-11-12 22:50:18
995,2019,2335,Liberty,153.48,2019-11-12 22:50:18
996,2019,2005,Air Force,151.86,2019-11-12 22:50:18
997,2019,2011,Alabama State,136.54,2019-11-12 22:50:18
998,2019,119,Towson,135.03,2019-11-12 22:50:18
999,2019,2184,Duquesne,129.11,2019-11-12 22:50:18
1000,2019,147,Montana State,120.95,2019-11-12 22:50:18
1001,2019,2287,Illinois State,119.34,2019-11-12 22:50:18
1002,2019,256,James Madison,110.76,2019-11-12 22:50:18
1003,2019,55,Jacksonville State,108.58,2019-11-12 22:50:18
1004,2019,2261,Hampton,104.67,2019-11-12 22:50:18
1005,2019,2535,Samford,97.76,2019-11-12 22:50:18
1006,2019,2097,Campbell,96.7,2019-11-12 22:50:18
1007,2019,93,Murray State,96.0,2019-11-12 22:50:18
1008,2019,257,Richmond,95.66,2019-11-12 22:50:18
1009,2019,2630,UT Martin,93.72,2019-11-12 22:50:18
1010,2019,2634,Tennessee State,92.64,2019-11-12 22:50:18
1011,2019,2617,Stephen F. Austin,91.75,2019-11-12 22:50:18
1012,2019,70,Idaho,87.17,2019-11-12 22:50:18
1013,2019,338,Kennesaw State,86.45,2019-11-12 22:50:18
1014,2019,2377,McNeese,86.21,2019-11-12 22:50:18
1015,2019,2198,Eastern Kentucky,86.14,2019-11-12 22:50:18
1016,2019,2546,Southeast Missouri State,83.35,2019-11-12 22:50:18
1017,2019,48,Delaware,77.11,2019-11-12 22:50:18
1018,2019,2710,Western Illinois,70.98,2019-11-12 22:50:18
1019,2019,2729,William & Mary,70.28,2019-11-12 22:50:18
1020,2019,79,Southern Illinois,69.8,2019-11-12 22:50:18
1021,2019,2448,North Carolina A&T,69.44,2019-11-12 22:50:18
1022,2019,50,Florida A&M,69.36,2019-11-12 22:50:18
1023,2019,2754,Youngstown State,67.72,2019-11-12 22:50:18
1024,2019,2466,Northwestern State,67.5,2019-11-12 22:50:18
1025,2019,2755,Grambling,67.45,2019-11-12 22:50:18
1026,2019,2619,Stony Brook,66.41,2019-11-12 22:50:18
1027,2019,149,Montana,65.83,2019-11-12 22:50:18
1028,2019,2193,East Tennessee State,61.69,2019-11-12 22:50:18
1029,2019,2065,Bethune-Cookman,60.9,2019-11-12 22:50:18
1030,2019,2046,Austin Peay,58.68,2019-11-12 22:50:18
1031,2019,2692,Weber State,53.55,2019-11-12 22:50:18
1032,2019,2450,Norfolk State,52.48,2019-11-12 22:50:18
1033,2019,2582,Southern,52.19,2019-11-12 22:50:18
1034,2019,2449,North Dakota State,50.79,2019-11-12 22:50:18
1035,2019,2916,Incarnate Word,47.36,2019-11-12 22:50:18
1036,2019,2000,Abilene Christian,46.84,2019-11-12 22:50:18
1037,2019,2623,Missouri State,44.24,2019-11-12 22:50:18
1038,2019,2296,Jackson State,44.19,2019-11-12 22:50:18
1039,2019,2453,North Alabama,43.9,2019-11-12 22:50:18
1040,2019,2428,North Carolina Central,43.62,2019-11-12 22:50:18
1041,2019,233,South Dakota,42.81,2019-11-12 22:50:18
1042,2019,2504,Prairie View,42.01,2019-11-12 22:50:18
1043,2019,2320,Lamar,41.39,2019-11-12 22:50:18
1044,2019,2635,Tennessee Tech,41.07,2019-11-12 22:50:18
1045,2019,399,Albany,40.43,2019-11-12 22:50:18
1046,2019,2640,Texas Southern,40.03,2019-11-12 22:50:18
1047,2019,304,Idaho State,39.63,2019-11-12 22:50:18
1048,2019,2110,Central Arkansas,38.51,2019-11-12 22:50:18
1049,2019,2230,Fordham,38.15,2019-11-12 22:50:18
1050,2019,2460,Northern Iowa,37.29,2019-11-12 22:50:18
1051,2019,253,Southern Utah,35.09,2019-11-12 22:50:18
1052,2019,2464,Northern Arizona,35.0,2019-11-12 22:50:18
1053,2019,2569,South Carolina State,32.5,2019-11-12 22:50:18
1054,2019,2127,Charleston Southern,32.36,2019-11-12 22:50:18
1055,2019,2502,Portland State,30.88,2019-11-12 22:50:18
1056,2019,311,Maine,30.23,2019-11-12 22:50:18
1057,2019,2016,Alcorn State,29.54,2019-11-12 22:50:18
1058,2019,2029,Arkansas-Pine Bluff,29.07,2019-11-12 22:50:18
1059,2019,13,Cal Poly,28.91,2019-11-12 22:50:18
1060,2019,163,Princeton,27.29,2019-11-12 22:50:18
1061,2019,2523,Robert Morris,26.82,2019-11-12 22:50:18
1062,2019,2277,Houston Baptist,26.8,2019-11-12 22:50:18
1063,2019,2197,Eastern Illinois,24.67,2019-11-12 22:50:18
1064,2019,282,Indiana State,24.51,2019-11-12 22:50:18
1065,2019,231,Furman,24.31,2019-11-12 22:50:18
1066,2019,2415,Morgan State,23.32,2019-11-12 22:50:18
1067,2019,2210,Elon,18.77,2019-11-12 22:50:18
1068,2019,16,Sacramento State,18.35,2019-11-12 22:50:18
1069,2019,2681,Wagner,17.91,2019-11-12 22:50:18
1070,2019,294,Jacksonville,17.49,2019-11-12 22:50:18
1071,2019,2571,South Dakota State,17.26,2019-11-12 22:50:18
1072,2019,2405,Monmouth,15.76,2019-11-12 22:50:18
1073,2019,227,Rhode Island,15.55,2019-11-12 22:50:18
1074,2019,2169,Delaware State,15.41,2019-11-12 22:50:18
1075,2019,2529,Sacred Heart,15.08,2019-11-12 22:50:18
1076,2019,331,Eastern Washington,14.8,2019-11-12 22:50:18
1077,2019,2241,Gardner-Webb,14.72,2019-11-12 22:50:18
1078,2019,2329,Lehigh,13.9,2019-11-12 22:50:18
1079,2019,2010,Alabama A&M,13.54,2019-11-12 22:50:18
1080,2019,2458,Northern Colorado,13.41,2019-11-12 22:50:18
1081,2019,155,North Dakota,13.24,2019-11-12 22:50:18
1082,2019,2598,St Francis (PA),13.03,2019-11-12 22:50:18
1083,2019,2382,Mercer,12.14,2019-11-12 22:50:18
1084,2019,2086,Butler,11.61,2019-11-12 22:50:18
1085,2019,2181,Drake,11.1,2019-11-12 22:50:18
1086,2019,225,Brown,9.44,2019-11-12 22:50:18
1087,2019,2115,Central Connecticut,8.93,2019-11-12 22:50:18
1088,2019,2717,Western Carolina,8.58,2019-11-12 22:50:18
1089,2019,2747,Wofford,7.83,2019-11-12 22:50:18
1090,2019,107,Holy Cross,7.31,2019-11-12 22:50:18
1091,2019,2400,Mississippi Valley State,6.66,2019-11-12 22:50:18
1092,2019,46,Georgetown,6.66,2019-11-12 22:50:18
1093,2019,2803,Bryant,6.3,2019-11-12 22:50:18
