,id,name,capacity,grass,city,state,zip,country_code,elevation,year_constructed,dome,x,y,last_updated
0,4747,Abbott Memorial Alumni Stadium,10000,,Tuskegee,AL,,US,122.8,1925.0,0.0,,,2019-11-12 22:50:18
1,3599,Ace W. Mumford Stadium,28500,,Baton Rouge,LA,,US,20.24213219,1928.0,0.0,30.5221461,-91.1896087,2019-11-12 22:50:18
2,3601,Aggie Memorial Stadium,30343,0.0,Las Cruces,NM,88003,US,1208.201294,1978.0,0.0,32.2796202,-106.7411148,2019-11-12 22:50:18
3,3603,Aggie Stadium,21500,,Greensboro,NC,,US,235.1224518,1981.0,0.0,36.0814337,-79.7700391,2019-11-12 22:50:18
4,3602,Aggie Stadium,10849,,Davis,CA,,US,11.3825922,2007.0,0.0,38.5365266,-121.7627936,2019-11-12 22:50:18
5,3604,Alamodome,65000,0.0,San Antonio,TX,78299,US,201.5526886,1993.0,0.0,29.4169834,-98.4788143,2019-11-12 22:50:18
6,3653,Albertsons Stadium,36387,0.0,Boise,ID,83725,US,823.2221069,1970.0,0.0,43.6028839,-116.1958882,2019-11-12 22:50:18
7,3605,Alerus Center,12283,0.0,Grand Forks,ND,,US,255.2472076,2001.0,0.0,47.910622,-97.090996,2019-11-12 22:50:18
8,1027,Alex G. Spanos Stadium,11075,,San Luis Obispo,CA,,US,84.6832428,2006.0,0.0,35.2984123,-120.6650005,2019-11-12 22:50:18
9,3607,Alfond Stadium,10000,0.0,Orono,ME,04469,US,35.4817543,1998.0,0.0,44.905128,-68.6724718,2019-11-12 22:50:18
10,3609,Allgood-Bailey Stadium,8000,,Rolla,MO,,US,336.1,1967.0,0.0,,,2019-11-12 22:50:18
11,5363,Allianz Stadium,45500,1.0,Sydney,NSW,,AU,42.8,1988.0,0.0,,,2019-11-12 22:50:18
12,3610,Aloha Stadium,50000,0.0,Honolulu,HI,96818,US,10.26500511,1975.0,0.0,21.3728014,-157.9299645,2019-11-12 22:50:18
13,3597,Alumni Memorial Field,10000,,Lexington,VA,,US,294.958252,1962.0,0.0,37.788983,-79.43505,2019-11-12 22:50:18
14,3613,Alumni Stadium,7000,,Dover,DE,,US,10.95275307,1980.0,0.0,39.189375,-75.5433185,2019-11-12 22:50:18
15,3615,Alumni Stadium,44500,0.0,Chestnut Hill,MA,02467,US,39.82634354,1957.0,0.0,42.335104,-71.1664413,2019-11-12 22:50:18
16,3616,Amon G. Carter Stadium,45000,0.0,Fort Worth,TX,76129,US,185.4387054,1929.0,0.0,32.7096604,-97.3680835,2019-11-12 22:50:18
17,3617,Andy Kerr Stadium,10221,,Hamilton,NY,,US,337.1443787,1966.0,0.0,42.8168991,-75.5452721,2019-11-12 22:50:18
18,5221,ANZ Stadium,83500,1.0,Sydney,,,AU,9.444999695,1999.0,0.0,-33.846991,151.063435,2019-11-12 22:50:18
19,3825,Apogee Stadium,30850,0.0,Denton,TX,76210,US,198.6871948,2011.0,0.0,33.203899,-97.159245,2019-11-12 22:50:18
20,3619,Arizona Stadium,56029,0.0,Tucson,AZ,85721,US,742.1530151,1928.0,0.0,32.2288054,-110.9488677,2019-11-12 22:50:18
21,3620,Armstrong Stadium,17000,,Hampton,VA,,US,2.574624538,1928.0,0.0,37.0200894,-76.3331555,2019-11-12 22:50:18
22,3622,Arrowhead Stadium,76416,1.0,Kansas City,MO,,US,256.798584,1972.0,0.0,39.048889,-94.483889,2019-11-12 22:50:18
23,3623,Arthur J. Rooney Athletic Field,2200,,Pittsburgh,PA,,US,269.4302979,1993.0,0.0,40.4355808,-79.9900263,2019-11-12 22:50:18
24,3624,Arute Field,3500,,New Britain,CT,,US,41.29866409,1969.0,0.0,41.6950591,-72.7616197,2019-11-12 22:50:18
25,3687,AT&T Stadium,100000,0.0,Arlington,TX,,US,172.5047302,2009.0,0.0,32.747778,-97.092778,2019-11-12 22:50:18
26,3626,Autzen Stadium,54000,0.0,Eugene,OR,97401,US,127.4198303,1967.0,0.0,44.0582712,-123.0684883,2019-11-12 22:50:18
27,3504,Aviva Stadium,51700,1.0,Dublin,,,IE,2.264276505,2010.0,0.0,53.33523,-6.228447,2019-11-12 22:50:18
28,3627,Bailey Memorial Stadium,6500,,Clinton,SC,,US,194.1601868,2002.0,0.0,34.46158,-81.861368,2019-11-12 22:50:18
29,3628,Bank of America Stadium,75412,1.0,Charlotte,NC,28202,US,220.8777466,1996.0,0.0,35.225833,-80.852778,2019-11-12 22:50:18
30,3629,Barker-Lane Stadium,5000,,Buies Creek,NC,,US,56.51401138,2008.0,0.0,35.4047689,-78.7424842,2019-11-12 22:50:18
31,3630,BB&T Field,31500,0.0,Winston-Salem,NC,27105,US,283.548584,1968.0,0.0,36.1305507,-80.2545851,2019-11-12 22:50:18
32,3631,BBVA Compass Stadium,22039,,Houston,TX,,US,13.68128395,2012.0,0.0,29.7521988,-95.3524146,2019-11-12 22:50:18
33,3632,Beaver Stadium,106572,0.0,University Park,PA,16802,US,354.1551514,1960.0,0.0,40.8121958,-77.8561023,2019-11-12 22:50:18
34,3634,Ben Hill Griffin Stadium,88548,0.0,Gainesville,FL,32653,US,44.97250748,1930.0,0.0,29.6499357,-82.3485788,2019-11-12 22:50:18
35,4729,Benson Field at Yulman Stadium,30000,0.0,New Orleans,LA,,US,0.0000000000000000000000000000000000000118,2014.0,0.0,29.944616,-90.116692,2019-11-12 22:50:18
36,3636,Bill Snyder Family Football Stadium,50000,0.0,Manhattan,KS,66502,US,328.0574646,1968.0,0.0,39.2020096,-96.5938395,2019-11-12 22:50:18
37,3639,Blackshear Stadium,15000,,Prairie View,TX,,US,78.4,2016.0,0.0,,,2019-11-12 22:50:18
38,3841,Blaik Field at Michie Stadium,38000,0.0,West Point,NY,10996,US,99.21277618,1924.0,0.0,41.3874924,-73.9640891,2019-11-12 22:50:18
39,3697,Bobby Bowden Field at Doak Campbell Stadium,79560,0.0,Tallahassee,FL,32306,US,19.55942535,1950.0,0.0,30.4381692,-84.3044032,2019-11-12 22:50:18
40,721,Bobby Dodd Stadium at Historic Grant Field,55000,0.0,Atlanta,GA,30332,US,279.300415,1913.0,0.0,33.7724449,-84.3928054,2019-11-12 22:50:18
41,3643,Bobcat Stadium,19000,,Bozeman,MT,,US,1507.508667,1973.0,0.0,45.659048,-111.049547,2019-11-12 22:50:18
42,4419,Bob Ford Field,8500,,Albany,NY,,US,64.42764282,2013.0,0.0,42.6808062,-73.8272841,2019-11-12 22:50:18
43,3646,Boone Pickens Stadium,60218,0.0,Stillwater,OK,74078,US,276.4808655,1919.0,0.0,36.125673,-97.066513,2019-11-12 22:50:18
44,3647,Bowers Stadium,14000,,Huntsville,TX,,US,127.6225204,1986.0,0.0,30.713926,-95.5419802,2019-11-12 22:50:18
45,3649,Bowman Gray Stadium,17000,,Winston-Salem,NC,,US,242.5,1937.0,0.0,,,2019-11-12 22:50:18
46,3650,Bragg Memorial Stadium,25500,,Tallahassee,FL,,US,31.18483925,1957.0,0.0,30.4261632,-84.2923095,2019-11-12 22:50:18
47,4133,Braly Municipal Stadium,14215,,Florence,AL,,US,172.3,1949.0,0.0,,,2019-11-12 22:50:18
48,3651,Bridgeforth Stadium,24878,,Harrisonburg,VA,,US,399.303009,1975.0,0.0,38.4352919,-78.8729349,2019-11-12 22:50:18
49,3764,Brigham Field at Huskie Stadium,23595,0.0,DeKalb,IL,60115,US,267.4530029,1965.0,0.0,41.9339586,-88.7778357,2019-11-12 22:50:18
50,3652,Bright House Networks Stadium,44206,0.0,Orlando,FL,32816,US,20.94113731,2007.0,0.0,28.6079765,-81.1927233,2019-11-12 22:50:18
51,4617,Bristol Motor Speedway,162000,1.0,Briston,TN,,US,456.8201294,1961.0,0.0,36.516,-82.257,2019-11-12 22:50:18
52,3654,Brooks Stadium,9214,0.0,Conway,SC,29528,US,13.74894905,2003.0,0.0,33.7928506,-79.0166946,2019-11-12 22:50:18
53,3655,Brown Field,5000,,Valparaiso,IN,,US,244.6367645,1919.0,0.0,41.465642,-87.0479446,2019-11-12 22:50:18
54,3656,Brown Stadium,20000,0.0,Providence,RI,02912,US,33.87348557,1925.0,0.0,41.842114,-71.3939416,2019-11-12 22:50:18
55,3657,Bryant Denny Stadium,101821,0.0,Tuscaloosa,AL,35487,US,70.05136108,1929.0,0.0,33.2082752,-87.5503836,2019-11-12 22:50:18
56,3658,Buccaneer Field,4000,,North Charleston,SC,,US,12.6744318,1970.0,0.0,32.9810239,-80.0659664,2019-11-12 22:50:18
57,3661,Bulldog Stadium,4400,,Smithfield,RI,,US,124.471344,1999.0,0.0,41.924206,-71.5385124,2019-11-12 22:50:18
58,3660,Bulldog Stadium,41031,0.0,Fresno,CA,93740,US,102.564064,1980.0,0.0,36.8143527,-119.7580092,2019-11-12 22:50:18
59,3664,Butler Bowl,5500,,Indianapolis,IN,,US,221.1980591,1928.0,0.0,39.8444694,-86.1659242,2019-11-12 22:50:18
60,3666,Cajun Field,36900,0.0,Lafayette,LA,70506,US,3.556508303,1971.0,0.0,30.2158434,-92.0417371,2019-11-12 22:50:18
61,3831,California Memorial Stadium,62717,0.0,Berkeley,CA,94720,US,125.3108063,1923.0,0.0,37.8710434,-122.2507729,2019-11-12 22:50:18
62,4013,Camping World Stadium,65000,0.0,Orlando,FL,,US,31.37226868,1946.0,0.0,28.539167,-81.402778,2019-11-12 22:50:18
63,347,Camp Randall Stadium,80321,0.0,Madison,WI,53711,US,263.604126,1917.0,0.0,43.06994,-89.4126943,2019-11-12 22:50:18
64,3668,Campus Field,4000,,Fairfield,CT,,US,82.02420044,1993.0,0.0,41.2212488,-73.2417431,2019-11-12 22:50:18
65,5388,Canvas Stadium,41000,0.0,Fort Collins,CO,80521,US,1528.4,2017.0,0.0,,,2019-11-12 22:50:18
66,1964,Carrier Dome,49250,0.0,Syracuse,NY,13244,US,162.6989746,1980.0,0.0,43.0362269,-76.1363161,2019-11-12 22:50:18
67,3670,Carter-Finley Stadium,57583,0.0,Raleigh,NC,27695,US,117.0089951,1966.0,0.0,35.8008001,-78.7195655,2019-11-12 22:50:18
68,3671,Case Field,2400,0.0,Cleveland,OH,85099,US,-81.603639,2005.0,0.0,,,2019-11-12 22:50:18
69,3625,Centennial Bank Stadium,30964,0.0,Jonesboro,AR,72404,US,89.52690887,1974.0,0.0,35.8488977,-90.6677436,2019-11-12 22:50:18
70,3673,CenturyLink Field,69000,0.0,Seattle,WA,,US,5.2,2002.0,0.0,,,2019-11-12 22:50:18
71,4251,Chase Field,48519,0.0,Phoenix,AZ,,US,323.2064514,1998.0,0.0,33.445278,-112.066944,2019-11-12 22:50:18
72,3486,Children's Mercy Park,18467,,Kansas City,KS,,US,300.8,2011.0,0.0,,,2019-11-12 22:50:18
73,3676,Christy Mathewson-Memorial Stadium,13100,,Lewisburg,PA,,US,151.194931,1924.0,0.0,40.9519411,-76.884752,2019-11-12 22:50:18
74,3681,Coffey Field,7000,,The Bronx,NY,,US,31.2384243,1930.0,0.0,40.8615808,-73.8827649,2019-11-12 22:50:18
75,3683,Commonwealth Stadium,61000,0.0,Lexington,KY,40506,US,307.4248962,1973.0,0.0,38.0220905,-84.5053408,2019-11-12 22:50:18
76,3847,Cooper Field,2500,,Washington,DC,,US,32.38431549,2003.0,0.0,38.9080248,-77.0753144,2019-11-12 22:50:18
77,499,Cotton Bowl,92100,0.0,Dallas,TX,75210,US,133.2241211,1930.0,0.0,32.779722,-96.759722,2019-11-12 22:50:18
78,3685,Coughlin-Alumni Stadium,16700,0.0,Brookings,SD,57007,US,495.8,1961.0,0.0,,,2019-11-12 22:50:18
79,5237,Coughlin-Alumni Stadium,15000,,Brookings,SD,,US,495.7769775,1962.0,0.0,44.3210182,-96.7801386,2019-11-12 22:50:18
80,3686,Cowboy Stadium,17410,,Lake Charles,LA,,US,4.168509007,1965.0,0.0,30.1804575,-93.2178729,2019-11-12 22:50:18
81,3689,Cramton Bowl,21000,0.0,Montgomery,AL,36101,US,75.10210419,1922.0,0.0,32.37949,-86.293002,2019-11-12 22:50:18
82,4737,Croke Park Stadium,82300,0.0,Dublin,,,IE,4.7,1884.0,0.0,,,2019-11-12 22:50:18
83,1905,DakotaDome,10000,0.0,Vermillion,SD,,US,373.3928833,1979.0,0.0,42.7911218,-96.9278427,2019-11-12 22:50:18
84,3910,Darrell K Royal-Texas Memorial Stadium,100119,0.0,Austin,TX,78712,US,160.3089447,1924.0,0.0,30.2836813,-97.7325345,2019-11-12 22:50:18
85,3693,Davis Wade Stadium,61337,0.0,Starkville,MS,39762,US,110.2742081,1914.0,0.0,33.4563403,-88.7933652,2019-11-12 22:50:18
86,3691,D. B. Milne Field,5000,,Jacksonville,FL,,US,12.51101398,1998.0,0.0,30.3568843,-81.605476,2019-11-12 22:50:18
87,3694,DeGol Field,3500,,Loretto,PA,,US,586.9408569,2006.0,0.0,40.5063173,-78.637214,2019-11-12 22:50:18
88,3695,Delaware Stadium,22000,,Newark,DE,,US,28.74350357,1952.0,0.0,39.6617428,-75.7488224,2019-11-12 22:50:18
89,3696,Dix Stadium,25000,0.0,Kent,OH,44242,US,321.3641663,1969.0,0.0,41.1390935,-81.31346,2019-11-12 22:50:18
90,3887,Donald W. Reynolds Razorback Stadium Frank Broyles Field,72000,0.0,Fayetteville,AR,72702,US,403.7972412,1938.0,0.0,36.0680662,-94.1789534,2019-11-12 22:50:18
91,3699,Dowdy-Ficklen Stadium,50000,0.0,Greenville,NC,27858,US,19.0564537,1963.0,0.0,35.5968486,-77.364564,2019-11-12 22:50:18
92,3700,Doyt Perry Stadium,24000,0.0,Bowling Green,OH,43403,US,205.9057465,1966.0,0.0,41.3780114,-83.6225,2019-11-12 22:50:18
93,3701,Drake Stadium,14557,,Des Moines,IA,,US,277.8869934,1925.0,0.0,41.605,-93.655,2019-11-12 22:50:18
94,3706,Eccles Coliseum,8500,,Cedar City,UT,,US,1763.97644,1967.0,0.0,37.6757919,-113.0773938,2019-11-12 22:50:18
95,2068,E. Claiborne Robins Stadium,9000,,Richmond,VA,,US,60.03879166,2010.0,0.0,37.5807765,-77.5372211,2019-11-12 22:50:18
96,3902,Eddie Robinson Stadium,19600,,Grambling,LA,,US,94.58428955,1983.0,0.0,32.5258665,-92.7146412,2019-11-12 22:50:18
97,4757,Edwards-Maurer Field,3000,,Springfield,OH,,US,309.1,1993.0,0.0,,,2019-11-12 22:50:18
98,3704,E. J. Whitmire Stadium,13742,,Cullowhee,NC,,US,653.8632813,1974.0,0.0,35.3048352,-83.1818148,2019-11-12 22:50:18
99,3710,Ernest W. Spangler Stadium,8500,,Boiling Springs,NC,,US,253.207016,1969.0,0.0,35.2457593,-81.6739887,2019-11-12 22:50:18
100,3711,Estes Stadium,9000,,Conway,AR,,US,94.25577545,1939.0,0.0,35.0802599,-92.460045,2019-11-12 22:50:18
101,3712,EverBank Field,67246,1.0,Jacksonville,FL,32022,US,1.336527586,1995.0,0.0,30.323889,-81.6375,2019-11-12 22:50:18
102,3713,Falcon Stadium,46692,0.0,Colorado Springs,CO,80840,US,2024.875732,1962.0,0.0,38.9969701,-104.8436165,2019-11-12 22:50:18
103,3714,Fargodome,19000,0.0,Fargo,ND,,US,274.4847717,1992.0,0.0,46.9029938,-96.8003251,2019-11-12 22:50:18
104,3838,Faurot Field,71168,0.0,Columbia,MO,65211,US,212.6865692,1927.0,0.0,38.9358491,-92.3332009,2019-11-12 22:50:18
105,3715,FAU Stadium,30000,0.0,Boca Raton,FL,33499,US,3.613628864,2011.0,0.0,26.3763763,-80.1015759,2019-11-12 22:50:18
106,3719,FedEx Field,82000,1.0,Landover,MD,20785,US,59.50488663,1997.0,0.0,38.907778,-76.864444,2019-11-12 22:50:18
107,4245,Fenway Park,38073,1.0,Boston,MA,2297 ,US,4.887843609,1912.0,0.0,42.346389,-71.0975,2019-11-12 22:50:18
108,4899,Fifth Third Bank Stadium,8318,,Kennesaw,GA,,US,296.9589844,2010.0,0.0,34.0289318,-84.5676234,2019-11-12 22:50:18
109,3720,Finley Stadium,20668,0.0,Chattanooga,TN,37403,US,200.1825104,1997.0,0.0,35.0363792,-85.3158835,2019-11-12 22:50:18
110,3721,Fisher Field,13132,0.0,Easton,PA,18042,US,81.43208313,1926.0,0.0,40.7009796,-75.2106499,2019-11-12 22:50:18
111,3722,Fitton Field,23500,,Worcester,MA,,US,137.3915253,1924.0,0.0,42.2403564,-71.8111424,2019-11-12 22:50:18
112,218,FIU Stadium,23500,0.0,Miami,FL,33199,US,1.718581796,1995.0,0.0,25.7525014,-80.3778912,2019-11-12 22:50:18
113,4417,Five Star Stadium at the Moye Complex,10200,,Macon,GA,,US,138.6699677,2013.0,0.0,32.8262075,-83.6522485,2019-11-12 22:50:18
114,3724,Floyd Casey Stadium,50000,0.0,Waco,TX,76798,US,151.2,1950.0,0.0,,,2019-11-12 22:50:18
115,3726,Folsom Field,50183,0.0,Boulder,CO,80309,US,1634.041138,1924.0,0.0,40.0094746,-105.266905,2019-11-12 22:50:18
116,3727,Ford Field,65000,0.0,Detroit,MI,,US,183.9643707,2002.0,0.0,42.34,-83.045556,2019-11-12 22:50:18
117,3918,Foreman Field,20118,0.0,Norfolk,VA,23551,US,3.147987843,1936.0,0.0,36.8889533,-76.3049175,2019-11-12 22:50:18
118,3730,Franklin Field,52593,0.0,Philadelphia,PA,19104,US,11.71361065,1895.0,0.0,39.9501475,-75.1901043,2019-11-12 22:50:18
119,5220,Garrison Stadium,5000,,Murfreesboro,TN,,US,18.69116974,2007.0,0.0,36.434053,-77.098431,2019-11-12 22:50:18
120,3734,Gayle and Tom Benson Stadium,6000,,San Antonio,TX,,US,208.4659576,2008.0,0.0,29.4674787,-98.470014,2019-11-12 22:50:18
121,3835,Gaylord Family Oklahoma Memorial Stadium,84389,0.0,Norman,OK,73019,US,355.0962524,1925.0,0.0,35.2058537,-97.4423145,2019-11-12 22:50:18
122,3495,Georgia Dome,74228,0.0,Atlanta,GA,39901,US,303.1637268,1992.0,0.0,33.7576897,-84.4008285,2019-11-12 22:50:18
123,4246,Georgia State Stadium,24333,0.0,Atlanta,GA,30315,US,287,2017.0,0.0,,,2019-11-12 22:50:18
124,3735,Gerald J. Ford Stadium,32000,0.0,University Park,TX,75275,US,169.4058075,2000.0,0.0,32.8377223,-96.7827859,2019-11-12 22:50:18
125,3737,Gibbs Stadium,13000,,Spartanburg,SC,,US,231.6300049,1996.0,0.0,34.9618606,-81.9328915,2019-11-12 22:50:18
126,3738,Gillette Stadium,68756,0.0,Foxborough,MA,02035,US,78.00233459,2002.0,0.0,42.0909458,-71.2643465,2019-11-12 22:50:18
127,3739,Glass Bowl,26248,0.0,Toledo,OH,43606,US,181.4839783,1937.0,0.0,41.6574777,-83.6135652,2019-11-12 22:50:18
128,3740,Golden Lion Stadium,16000,,Pine Bluff,AR,,US,67.71961975,2000.0,0.0,34.253327,-92.0214031,2019-11-12 22:50:18
129,3741,Goodman Stadium,16000,0.0,Bethlehem,PA,18015,US,90.32305145,1988.0,0.0,40.5890837,-75.3553874,2019-11-12 22:50:18
130,3742,Governors Stadium,10000,,Clarksville,TN,,US,142.8643188,1946.0,0.0,36.5362559,-87.3525507,2019-11-12 22:50:18
131,3748,Graham Stadium,8000,,Martin,TN,,US,124.6879349,1964.0,0.0,36.3448341,-88.8616245,2019-11-12 22:50:18
132,4293,Guaranteed Rate Field,40615,1.0,Chicago,IL,,US,180.8555756,1991.0,0.0,41.83,-87.633889,2019-11-12 22:50:18
133,4029,Hale Stadium,10000,,Nashville,TN,,US,138.4986725,1953.0,0.0,36.168056,-86.826944,2019-11-12 22:50:18
134,3744,Hancock Stadium,15000,,Normal,IL,,US,242.8722687,1963.0,0.0,40.5125091,-88.9967177,2019-11-12 22:50:18
135,3746,Hanson Field,16368,,Macomb,IL,,US,192.8755646,1950.0,0.0,40.4683928,-90.6841248,2019-11-12 22:50:18
136,3948,Hard Rock Stadium,65326,1.0,Miami Gardens,FL,33299,US,2.624486446,1987.0,0.0,25.9579665,-80.2388604,2019-11-12 22:50:18
137,3963,Harry Turpin Stadium,15971,,Natchitoches,LA,,US,36.58879089,1976.0,0.0,31.747259,-93.0961357,2019-11-12 22:50:18
138,3750,Harvard Stadium,30323,,Boston,MA,,US,1.96428895,1903.0,0.0,42.366704,-71.1267511,2019-11-12 22:50:18
139,3752,Heinz Field,68400,0.0,Pittsburgh,PA,15260,US,220.5887146,2001.0,0.0,40.4467648,-80.0157603,2019-11-12 22:50:18
140,3754,High Point Solutions Stadium,52454,0.0,Piscataway,NJ,08854,US,8.543146133,1994.0,0.0,40.5136754,-74.4655737,2019-11-12 22:50:18
141,4765,Hillsboro Stadium,7600,,Portland,OR,,US,65.4,1999.0,0.0,,,2019-11-12 22:50:18
142,1930,Holt Arena,12000,0.0,Pocatello,ID,,US,1390.252441,1970.0,0.0,42.8702052,-112.4281274,2019-11-12 22:50:18
143,3756,Homer Bryce Stadium,15000,,Nacogdoches,TX,,US,89.99433899,1973.0,0.0,31.625719,-94.6444034,2019-11-12 22:50:18
144,4582,Hornet Stadium,26500,,Montgomery,AL,,US,79.35839844,2012.0,0.0,32.3642223,-86.2896902,2019-11-12 22:50:18
145,3757,Hornet Stadium,21195,,Sacramento,CA,,US,12.30015659,1969.0,0.0,38.5556718,-121.4229607,2019-11-12 22:50:18
146,3796,Houchens Industries-L. T. Smith Stadium,22113,0.0,Bowling Green,KY,42101,US,154.4346619,1968.0,0.0,36.9847901,-86.4594041,2019-11-12 22:50:18
147,3758,Houck Stadium,11015,,Cape Girardeau,MO,,US,137.7152405,1930.0,0.0,37.3095375,-89.5313804,2019-11-12 22:50:18
148,3762,Hughes Stadium,10000,,Baltimore,MD,,US,67.05336761,1949.0,0.0,39.3439778,-76.5829573,2019-11-12 22:50:18
149,3765,Husky Stadium,70500,0.0,Seattle,WA,98195,US,11.65622807,1920.0,0.0,47.6503235,-122.3015746,2019-11-12 22:50:18
150,4424,Husky Stadium,5000,,Houston,TX,,US,19.87884521,2014.0,0.0,29.6949025,-95.5167353,2019-11-12 22:50:18
151,3766,Independence Stadium,49565,0.0,Shreveport,FL,,US,78.48539734,1924.0,0.0,32.475556,-93.791944,2019-11-12 22:50:18
152,3771,Jack Spinks Stadium,22500,0.0,Lorman,MS,39096,US,72.25324249,1992.0,0.0,31.873621,-91.13488,2019-11-12 22:50:18
153,3772,Jack Trice Stadium,61500,0.0,Ames,IA,50011,US,274.9135437,1975.0,0.0,42.0139977,-93.6357716,2019-11-12 22:50:18
154,4752,Jahna Field,0,,Winter Haven,FL,,US,37.3,,0.0,,,2019-11-12 22:50:18
155,3774,Jayne Stadium,10000,,Morehead,KY,,US,228.1033936,1964.0,0.0,38.1916481,-83.4253315,2019-11-12 22:50:18
156,4418,Jerry Richardson Stadium,15314,0.0,Charlotte,NC,,US,190.365509,2013.0,0.0,35.3105033,-80.7401194,2019-11-12 22:50:18
157,3644,Jim Wacker Field at Bobcat Stadium,30000,0.0,San Marcos,TX,78666,US,177.8676453,1981.0,0.0,29.8910008,-97.9255735,2019-11-12 22:50:18
158,3775,Joan C. Edwards Stadium,38019,0.0,Huntington,WV,25755,US,163.7328186,1991.0,0.0,38.4247042,-82.4214412,2019-11-12 22:50:18
159,3776,Joe Aillet Stadium,28019,0.0,Ruston,LA,71272,US,72.87982941,1968.0,0.0,32.5321487,-92.6560019,2019-11-12 22:50:18
160,3777,Joe Walton Stadium,3000,,Moon Township,PA,,US,351.4482422,2005.0,0.0,40.521046,-80.2159227,2019-11-12 22:50:18
161,3778,John F. Kennedy Stadium,5200,,Springfield,MO,,US,385.9,1957.0,0.0,,,2019-11-12 22:50:18
162,3725,"Johnny Red"""" Floyd Stadium""""",31000,0.0,Murfreesboro,TN,37132,US,191.7279816,1933.0,0.0,35.8511463,-86.3681649,2019-11-12 22:50:18
163,3781,Johnny Unitas Stadium,11000,,Towson,MD,,US,117.6974106,1978.0,0.0,39.3885683,-76.6159716,2019-11-12 22:50:18
164,4728,John O'Quinn Field at TDECU Stadium,40000,0.0,Houston,TX,,US,9.57440567,2014.0,0.0,29.7219885,-95.3491623,2019-11-12 22:50:18
165,3782,Johnson Hagood Stadium,21000,,Charleston,SC,,US,4.137742996,1948.0,0.0,32.7936975,-79.9558183,2019-11-12 22:50:18
166,3784,Jones AT&T Stadium,60862,0.0,Lubbock,TX,79409,US,980.7632446,1947.0,0.0,33.5910518,-101.8728824,2019-11-12 22:50:18
167,3785,Jordan-Hare Stadium,87451,0.0,Auburn,AL,36849,US,201.1737976,1939.0,0.0,32.6025532,-85.4897479,2019-11-12 22:50:18
168,3662,JSU Stadium,24000,,Jacksonville,AL,,US,198.0679016,1947.0,0.0,33.8201052,-85.76647,2019-11-12 22:50:18
169,3786,Kelly/Shorts Stadium,32885,0.0,Mount Pleasant,MI,48859,US,240.9007721,1972.0,0.0,43.5777313,-84.7709904,2019-11-12 22:50:18
170,3787,Kenan Memorial Stadium,62980,0.0,Chapel Hill,NC,27515,US,127.7569809,1927.0,0.0,35.9069294,-79.0478889,2019-11-12 22:50:18
171,3788,Kenneth P. LaValle Stadium,8200,,Stony Brook,NY,,US,32.63183975,2002.0,0.0,40.9188829,-73.1242966,2019-11-12 22:50:18
172,4900,Kermit Tipton Stadium,6600,,Johnson City,TN,,US,544.1551514,2010.0,0.0,36.3269334,-82.3710142,2019-11-12 22:50:18
173,3790,Kessler Field,4000,,West Long Branch,NJ,,US,9.979202271,1993.0,0.0,40.279379,-74.0092635,2019-11-12 22:50:18
174,5389,Kessler Stadium,4200,,West Long Branch,NJ,,US,9.9,1993.0,0.0,,,2019-11-12 22:50:18
175,3791,Kibbie Dome,16000,0.0,Moscow,ID,83843,US,794.4794922,1975.0,0.0,46.7262921,-117.0173713,2019-11-12 22:50:18
176,3792,Kidd Brewer Stadium,24050,0.0,Boone,NC,28608,US,991.3414307,1962.0,0.0,36.2114267,-81.6854278,2019-11-12 22:50:18
177,3793,Kinnick Stadium,70585,0.0,Iowa City,IA,52242,US,220.6357727,1929.0,0.0,41.6586045,-91.5510829,2019-11-12 22:50:18
178,3795,Kyle Field,102733,0.0,College Station,TX,77843,US,108.824585,1927.0,0.0,30.6098891,-96.3403828,2019-11-12 22:50:18
179,3797,Ladd Peebles Stadium,33471,0.0,Mobile,AL,36695,US,9.828813553,1948.0,0.0,30.6730374,-88.0755704,2019-11-12 22:50:18
180,3798,Lambeau Field,80735,1.0,Greenbay,WI,,US,192.3498077,1957.0,0.0,44.50131,-88.062273,2019-11-12 22:50:18
181,3799,Lane Stadium,66233,0.0,Blacksburg,VA,24061,US,632.2631226,1965.0,0.0,37.2199873,-80.4180643,2019-11-12 22:50:18
182,3801,LaVell Edwards Stadium,63725,0.0,Provo,UT,84602,US,1412.097046,1964.0,0.0,40.2575347,-111.6545247,2019-11-12 22:50:18
183,3802,Lawrence A. Wien Stadium,17000,,Manhattan,NY,,US,10.95070267,1984.0,0.0,40.8732697,-73.9164594,2019-11-12 22:50:18
184,3803,Legion Field,71594,0.0,Birmingham,AL,35294,US,174.6382141,1927.0,0.0,33.511389,-86.842778,2019-11-12 22:50:18
185,36,Leonidoff Field,5000,,Poughkeepsie,NY,,US,24.94474983,1968.0,0.0,41.7191409,-73.9329549,2019-11-12 22:50:18
186,4738,Levi's Stadium,68500,0.0,Santa Clara,CA,,US,4.531901836,2014.0,0.0,37.403,-121.97,2019-11-12 22:50:18
187,3805,Liberty Bowl Memorial Stadium,62380,0.0,Memphis,TN,38152,US,90.62445831,1965.0,0.0,35.1209429,-89.977147,2019-11-12 22:50:18
188,3806,Lincoln Financial Field,68532,0.0,Philadelphia,PA,19122,US,3.198706865,2003.0,0.0,39.9007995,-75.1675414,2019-11-12 22:50:18
189,477,Los Angeles Memorial Coliseum,93607,1.0,Los Angeles,CA,90089,US,42.50374222,1923.0,0.0,34.014167,-118.287778,2019-11-12 22:50:18
190,3809,Louis Crews Stadium,21000,,Huntsville,AL,,US,214.9181061,1996.0,0.0,34.7835363,-86.5784132,2019-11-12 22:50:18
191,3811,Lubbers Stadium,10444,,Allendale,MI,,US,205.8,1973.0,0.0,,,2019-11-12 22:50:18
192,3812,Lucas Oil Stadium,70000,0.0,Indianapolis,IN,46225,US,216.3370361,2008.0,0.0,39.760056,-86.163806,2019-11-12 22:50:18
193,3816,Mackay Stadium,26000,0.0,Reno,NV,89557,US,1406.57605,1966.0,0.0,39.5469459,-119.8175435,2019-11-12 22:50:18
194,3817,Malone Stadium,30427,0.0,Monroe,LA,71209,US,22.998209,1978.0,0.0,32.5308089,-92.0660602,2019-11-12 22:50:18
195,3779,Manning Field at John L. Guidry Stadium,10500,,Thibodaux,LA,,US,3.23726368,1972.0,0.0,29.7867254,-90.80455,2019-11-12 22:50:18
196,4223,Marlins Park,34000,1.0,Miami,FL,,US,1.853350639,2012.0,0.0,25.778056,-80.219722,2019-11-12 22:50:18
197,3820,Martin Stadium,32248,0.0,Pullman,WA,99164,US,773.9526367,1972.0,0.0,46.731831,-117.1604991,2019-11-12 22:50:18
198,3665,Maryland Stadium,51802,0.0,College Park,MD,20742,US,32.68748093,1950.0,0.0,38.9903332,-76.9473792,2019-11-12 22:50:18
199,4727,McLane Stadium,45140,0.0,Waco,TX,,US,117.0538101,2014.0,0.0,31.5582015,-97.1156702,2019-11-12 22:50:18
200,3824,Meade Stadium,5180,,Kingston,RI,,US,32.68801498,1928.0,0.0,41.4879984,-71.5347458,2019-11-12 22:50:18
201,3826,Memorial Field,15000,,Hanover,NH,,US,152.3080139,1923.0,0.0,43.701302,-72.2842781,2019-11-12 22:50:18
202,3834,Memorial Stadium,86047,0.0,Lincoln,NE,68588,US,354.9318848,1923.0,0.0,40.820682,-96.705594,2019-11-12 22:50:18
203,3829,Memorial Stadium,12464,0.0,Terre Haute,IN,47809,US,155.5213165,1925.0,0.0,39.4746858,-87.3669599,2019-11-12 22:50:18
204,3836,Memorial Stadium,81500,0.0,Clemson,SC,29634,US,205.6452179,1942.0,0.0,34.6787737,-82.8432428,2019-11-12 22:50:18
205,3830,Memorial Stadium,52959,0.0,Bloomington,IN,47408,US,231.6500854,1960.0,0.0,39.1808959,-86.5256217,2019-11-12 22:50:18
206,3833,Memorial Stadium,50071,0.0,Lawrence,KS,66045,US,274.855957,1921.0,0.0,38.9629418,-95.2463686,2019-11-12 22:50:18
207,3832,Memorial Stadium,60670,0.0,Champaign,IL,61820,US,223.2471619,1923.0,0.0,40.0993268,-88.2359569,2019-11-12 22:50:18
208,5348,Mercedes-Benz Stadium,71000,0.0,Atlanta,GA,30313,US,307.9,2017.0,0.0,,,2019-11-12 22:50:18
209,3493,Mercedes-Benz Superdome,76468,0.0,New Orleans,LA,70112,US,0.508185744,1975.0,0.0,29.950833,-90.081111,2019-11-12 22:50:18
210,3839,MetLife Stadium,82566,0.0,East Rutherford,NJ,,US,1.68149209,2010.0,0.0,40.813611,-74.074444,2019-11-12 22:50:18
211,3558,Michigan Stadium,107601,0.0,Ann Arbor,MI,48109,US,255.5500031,1927.0,0.0,42.2658365,-83.7486956,2019-11-12 22:50:18
212,3976,Mississippi Veterans Memorial Stadium,60492,,Jackson,MS,,US,108.4067383,1941.0,0.0,32.3300053,-90.1795578,2019-11-12 22:50:18
213,3815,M. M. Roberts Stadium,36000,0.0,Hattiesburg,MS,39402,US,64.52726746,1932.0,0.0,31.3289321,-89.3318118,2019-11-12 22:50:18
214,4014,Moretz Stadium,8500,,Hickory,NC,,US,351.6,1924.0,0.0,,,2019-11-12 22:50:18
215,3842,Mountaineer Field at Milan Puskar Stadium,60000,0.0,Morgantown,WV,26507,US,327.409668,1980.0,0.0,39.6502744,-79.9551873,2019-11-12 22:50:18
216,3814,M&T Bank Stadium,71008,0.0,Baltimore,MD,,US,2.961556435,1998.0,0.0,39.278056,-76.622778,2019-11-12 22:50:18
217,3848,Multi-Sport Stadium,1200,,Worcester,MA,,US,203.4,2005.0,0.0,,,2019-11-12 22:50:18
218,3850,Municipal Stadium,10000,0.0,Daytona Beach,FL,32114,US,9.516305923,1979.0,0.0,29.173466,-81.117511,2019-11-12 22:50:18
219,3851,Mustang Stadium,3500,,Stevenson,MD,,US,154,2012.0,0.0,,,2019-11-12 22:50:18
220,3852,Navy-Marine Corps Memorial Stadium,34000,1.0,Annapolis,MD,21402,US,10.74990082,1959.0,0.0,38.9846985,-76.5076335,2019-11-12 22:50:18
221,5083,New Turner Stadium,4400,,Upland,IN,,US,282.0274963,2012.0,0.0,40.456848,-85.501181,2019-11-12 22:50:18
222,3853,Neyland Stadium,102455,0.0,Knoxville,TN,37996,US,271.9517212,1921.0,0.0,35.9550131,-83.9250128,2019-11-12 22:50:18
223,3854,Nippert Stadium,40000,0.0,Cincinnati,OH,45221,US,230.0660553,1915.0,0.0,39.1312495,-84.5161913,2019-11-12 22:50:18
224,3810,Nissan Stadium,68798,0.0,Nashville,TN,37209,US,121.0412598,1999.0,0.0,36.166479,-86.7712898,2019-11-12 22:50:18
225,3855,Notre Dame Stadium,80795,0.0,Notre Dame,IN,46556,US,222.645401,1930.0,0.0,41.698378,-86.2339425,2019-11-12 22:50:18
226,3856,Nottingham Field,8533,,Greeley,CO,,US,1455.349976,1995.0,0.0,40.403493,-104.705139,2019-11-12 22:50:18
227,3891,NRG Stadium,72220,1.0,Houston,TX,77054,US,15.19169617,2002.0,0.0,29.684722,-95.410833,2019-11-12 22:50:18
228,3858,O'Brien Stadium,10000,,Charleston,IL,,US,212.9662933,1970.0,0.0,39.4804965,-88.1811618,2019-11-12 22:50:18
229,3861,Ohio Stadium,104944,0.0,Columbus,OH,43210,US,216.6770325,1922.0,0.0,40.0016447,-83.0197266,2019-11-12 22:50:18
230,3862,O'Kelly-Riddick Stadium,10000,,Durham,NC,,US,96.73323059,1975.0,0.0,35.9738646,-78.896969,2019-11-12 22:50:18
231,3864,Oliver C. Dawson Stadium,22000,,Orangeburg,SC,,US,67.29846191,1955.0,0.0,33.4986313,-80.8446857,2019-11-12 22:50:18
232,3868,Paladin Stadium,16000,,Greenville,SC,,US,303.2829285,1981.0,0.0,34.920192,-82.4370917,2019-11-12 22:50:18
233,5238,Panther Stadium,15000,,Prairie View,TX,,US,77.36286926,2016.0,0.0,30.0937874,-95.9960913,2019-11-12 22:50:18
234,3873,Papa John's Cardinal Stadium,55000,0.0,Louisville,KY,40292,US,138.5615997,1998.0,0.0,38.2057621,-85.7588141,2019-11-12 22:50:18
235,3874,Paul Brown Stadium,66515,0.0,Cincinnati,OH,,US,146.3,2000.0,0.0,,,2019-11-12 22:50:18
236,3608,Paulson Stadium,24300,0.0,Statesboro,GA,30460,US,61.25376892,1984.0,0.0,32.4122471,-81.7849296,2019-11-12 22:50:18
237,3876,Peden Stadium,24000,0.0,Athens,OH,45701,US,194.230896,1929.0,0.0,39.3212794,-82.1034315,2019-11-12 22:50:18
238,3878,Plaster Sports Complex,17500,,Springfield,MO,,US,402.368103,1941.0,0.0,37.1976229,-93.2798119,2019-11-12 22:50:18
239,3881,Princeton University Stadium,27800,,Princeton,NJ,,US,32.00296402,1998.0,0.0,40.3457928,-74.6500047,2019-11-12 22:50:18
240,3485,Providence Park,19566,,Portland,OR,,US,23.84255791,1926.0,0.0,45.5215978,-122.6916811,2019-11-12 22:50:18
241,3882,Provost Umphrey Stadium,16000,,Beaumont,TX,,US,3.981505394,1964.0,0.0,30.04313,-94.069963,2019-11-12 22:50:18
242,3932,Qualcomm Stadium,70561,0.0,San Diego,CA,92108,US,16.28476334,1967.0,0.0,32.7831122,-117.1195716,2019-11-12 22:50:18
243,3886,Raymond James Stadium,65857,0.0,Tampa,FL,33620,US,11.07972908,1998.0,0.0,27.9758691,-82.5033344,2019-11-12 22:50:18
244,3889,Reinhart Field,3500,,Bronx,NY,,US,7,2012.0,0.0,,,2019-11-12 22:50:18
245,3892,Rentschler Field,40000,0.0,East Hartford,CT,6118 ,US,6.515614986,2003.0,0.0,41.7595675,-72.6187728,2019-11-12 22:50:18
246,3893,Reser Stadium,45674,0.0,Corvallis,OR,97331,US,66.90744781,1953.0,0.0,44.5594559,-123.2814341,2019-11-12 22:50:18
247,3491,RFK Stadium,45596,,Washington,DC,,US,3.029993296,1961.0,0.0,38.88981,-76.971809,2019-11-12 22:50:18
248,3894,Rhodes Stadium,11250,,Elon,NC,,US,204.2487793,2001.0,0.0,36.1101269,-79.5079979,2019-11-12 22:50:18
249,587,Rice-Eccles Stadium,45807,0.0,Salt Lake City,UT,84112,US,1411.543579,1998.0,0.0,40.7599724,-111.8488255,2019-11-12 22:50:18
250,3895,Rice Stadium,47000,0.0,Houston,TX,77251,US,7.148301601,1950.0,0.0,29.7163297,-95.4093261,2019-11-12 22:50:18
251,3896,Rice-Totten Field,10000,,Itta Bena,MS,,US,39.88368607,1958.0,0.0,33.5118304,-90.3397718,2019-11-12 22:50:18
252,3897,Richardson Stadium,6000,,Davidson,NC,,US,249.4658203,1923.0,0.0,35.4995744,-80.8428419,2019-11-12 22:50:18
253,453,Robertson Stadium,32000,0.0,Houston,TX,77004,US,9.6,1942.0,0.0,,,2019-11-12 22:50:18
254,3905,Romney Stadium,25513,0.0,Logan,UT,84322,US,1427.914429,1968.0,0.0,41.7517394,-111.8116007,2019-11-12 22:50:18
255,3906,Roos Field,8600,,Cheney,WA,,US,750.2774658,1967.0,0.0,47.49278,-117.587353,2019-11-12 22:50:18
256,1056,Rose Bowl,92542,0.0,Pasadena,CA,90095,US,245.1772461,1922.0,0.0,34.1613284,-118.1676462,2019-11-12 22:50:18
257,3907,Ross-Ade Stadium,57236,0.0,West Lafayette,IN,47907,US,197.5337677,1924.0,0.0,40.4352253,-86.9186843,2019-11-12 22:50:18
258,3908,Roy Kidd Stadium,20000,0.0,Richmond,KY,40475,US,298.1834717,1969.0,0.0,37.7344109,-84.2972854,2019-11-12 22:50:18
259,3909,Roy Stewart Stadium,16800,,Murray,KY,,US,152.6495667,1973.0,0.0,36.6215165,-88.3175531,2019-11-12 22:50:18
260,3911,Ryan Field,47130,0.0,Evanston,IL,60208,US,181.2376099,1926.0,0.0,42.0653994,-87.6924751,2019-11-12 22:50:18
261,3912,Rynearson Stadium,30200,0.0,Ypsilanti,MI,48197,US,241.248764,1969.0,0.0,42.256126,-83.647285,2019-11-12 22:50:18
262,3913,Saluki Stadium,15276,,Carbondale,IL,,US,126.7586365,2010.0,0.0,37.708637,-89.216212,2019-11-12 22:50:18
263,3914,Sam Boyd Stadium,36800,0.0,Whitney,NV,89154,US,490.0622253,1971.0,0.0,36.085935,-115.01731,2019-11-12 22:50:18
264,3917,Sanford Stadium,92746,0.0,Athens,GA,30602,US,186.1120758,1929.0,0.0,33.9498197,-83.3733813,2019-11-12 22:50:18
265,3919,Scheumann Stadium,22500,0.0,Muncie,IN,47306,US,285.481781,1967.0,0.0,40.2159422,-85.4161148,2019-11-12 22:50:18
266,3921,Schoellkopf Field,25597,,Ithaca,NY,,US,257.3187561,1915.0,0.0,42.4439016,-76.4785398,2019-11-12 22:50:18
267,3923,Scott Stadium,61500,0.0,Charlottesville,VA,22904,US,170.4677429,1931.0,0.0,38.0311801,-78.5137897,2019-11-12 22:50:18
268,3925,Seibert Stadium,6700,0.0,Homewood,AL,35229,US,208.0207825,1958.0,0.0,33.463273,-86.795326,2019-11-12 22:50:18
269,3926,Setzler Field,4000,,Newberry,SC,,US,160.5950775,1922.0,0.0,34.286133,-81.622539,2019-11-12 22:50:18
270,3928,Shotwell Stadium,15075,,Abilene,TX,,US,530.4555664,1959.0,0.0,32.4336917,-99.6986246,2019-11-12 22:50:18
271,3674,Skelly Field at H. A. Chapman Stadium,30000,0.0,Tulsa,OK,74194,US,235.5928345,1930.0,0.0,36.1489175,-95.9437853,2019-11-12 22:50:18
272,3933,Soldier Field,61500,1.0,Chicago,IL,60605,US,177.420578,1924.0,0.0,41.8625,-87.616667,2019-11-12 22:50:18
273,3761,Sonny Lubick Field at Hughes Stadium,34400,0.0,Fort Collins,CO,80526,US,1574.920898,1968.0,0.0,40.5621183,-105.1416248,2019-11-12 22:50:18
274,3935,Spartan Stadium,30456,0.0,San Jose,CA,95112,US,28.30708694,1933.0,0.0,37.3196675,-121.8682962,2019-11-12 22:50:18
275,3936,Spartan Stadium,75005,0.0,East Lansing,MI,48824,US,254.8794861,1923.0,0.0,42.7281474,-84.4848526,2019-11-12 22:50:18
276,4416,Spec Martin Municipal Stadium,6000,,DeLand,FL,,US,14.65544891,1941.0,0.0,29.0208575,-81.2993746,2019-11-12 22:50:18
277,3937,Sports Authority Field at Mile High,76273,1.0,Denver,CO,80204,US,1583.532593,2001.0,0.0,39.743889,-105.02,2019-11-12 22:50:18
278,844,Stambaugh Stadium,20650,,Youngstown,OH,,US,298.8893127,1982.0,0.0,41.1092964,-80.6501885,2019-11-12 22:50:18
279,3940,Stanford Stadium,50424,0.0,Stanford,CA,94305,US,18.38425636,2006.0,0.0,37.4345556,-122.1611271,2019-11-12 22:50:18
280,5263,Steele Stadium,3000,,Owensboro,KY,,US,122.5809097,2004.0,0.0,37.742297,-87.119976,2019-11-12 22:50:18
281,3716,"Stewart """"Red"""" Faught Stadium",4000,,Franklin,IN,,US,222.7,1999.0,0.0,,,2019-11-12 22:50:18
282,3942,Stewart Stadium,17000,,Ogden,UT,,US,1451.553711,1966.0,0.0,41.1918741,-111.9401391,2019-11-12 22:50:18
283,3944,Strawberry Stadium,7408,,Hammond,LA,,US,13.7104578,1936.0,0.0,30.5110264,-90.4685792,2019-11-12 22:50:18
284,538,StubHub Center,0,0.0,Carson,CA,,US,,,,,,2019-11-12 22:50:18
285,3768,Summa Field at InfoCision Stadium,30000,0.0,Akron,OH,44399,US,321.2875061,2009.0,0.0,41.0725534,-81.5083408,2019-11-12 22:50:18
286,3946,Sun Bowl Stadium,51500,0.0,El Paso,TX,79968,US,1183.697876,1963.0,0.0,31.7733353,-106.507957,2019-11-12 22:50:18
287,3947,Sun Devil Stadium,56232,0.0,Tempe,AZ,85287,US,360.1569519,1958.0,0.0,33.4264471,-111.9325005,2019-11-12 22:50:18
288,5319,SunTrust Park,41084,,Atlanta,GA,,US,289.7,2017.0,0.0,,,2019-11-12 22:50:18
289,3950,Superior Dome,8000,0.0,Marquette,MI,70118,US,186.4,1991.0,0.0,,,2019-11-12 22:50:18
290,3953,TCF Bank Stadium,50805,0.0,Minneapolis,MN,55488,US,254.3902283,2009.0,0.0,44.976525,-93.2245462,2019-11-12 22:50:18
291,3952,Ted Wright Stadium,7500,,Savannah,GA,,US,6.564679146,1967.0,0.0,32.0274346,-81.0687492,2019-11-12 22:50:18
292,4750,The Reservation,10000,,Gaffney,SC,,US,212.4,2008.0,0.0,,,2019-11-12 22:50:18
293,4779,Thomas Robinson Stadium,15023,1.0,Nassau,,,BS,3.182889223,1981.0,0.0,25.055569,-77.358736,2019-11-12 22:50:18
294,3958,Tiger Stadium,102321,1.0,Baton Rouge,LA,70803,US,7.640734673,1924.0,0.0,30.412035,-91.1838163,2019-11-12 22:50:18
295,716,Torero Stadium,6000,,San Diego,CA,,US,57.95064545,1961.0,0.0,32.7730674,-117.183721,2019-11-12 22:50:18
296,5096,Toyota Stadium,5000,,Georgetown,KY,,US,270.7148743,1997.0,0.0,38.204444,-84.545556,2019-11-12 22:50:18
297,1400,Toyota Stadium,20500,,Frisco,TX,,US,181.3815918,2005.0,0.0,33.154444,-96.835278,2019-11-12 22:50:18
298,4113,Tropicana Field,31042,0.0,Saint Petersburg,FL,,US,12.19581413,1990.0,0.0,27.768333,-82.653333,2019-11-12 22:50:18
299,3962,Tucker Stadium,16500,,Cookeville,TN,,US,340.8609314,1966.0,0.0,36.1780555,-85.506183,2019-11-12 22:50:18
300,5015,Turner Stadium,4400,,Upland,IN,,US,282.0275574,2015.0,0.0,40.456862,-85.501228,2019-11-12 22:50:18
301,3965,UB Stadium,29013,0.0,Amherst,NY,14260,US,181.5759735,1993.0,0.0,42.9991334,-78.7775113,2019-11-12 22:50:18
302,3967,UNI-Dome,16000,0.0,Cedar Falls,IA,,US,281.8959656,1976.0,0.0,42.5156111,-92.4672307,2019-11-12 22:50:18
303,3969,University Field (NY),10000,,Albany,NY,,US,70.1,1970.0,0.0,,,2019-11-12 22:50:18
304,3970,University of Phoenix Stadium,63400,1.0,Glendale,AZ,,US,325.6211243,2006.0,0.0,33.527607,-112.262559,2019-11-12 22:50:18
305,3971,University Stadium,39224,0.0,Albuquerque,NM,87131,US,1554.471924,1960.0,0.0,35.0669479,-106.6283225,2019-11-12 22:50:18
306,3973,Vanderbilt Stadium,40350,0.0,Nashville,TN,37212,US,159.9194641,1922.0,0.0,36.1440455,-86.8088942,2019-11-12 22:50:18
307,3974,Vaught-Hemingway Stadium,64038,0.0,Oxford,MS,38677,US,146.8517151,1915.0,0.0,34.3619837,-89.5342076,2019-11-12 22:50:18
308,3975,Veterans Memorial Stadium,30000,0.0,Troy,AL,36082,US,154.7746277,1950.0,0.0,31.7995565,-85.9518328,2019-11-12 22:50:18
309,717,Villanova Stadium,12500,,Villanova,PA,,US,127.3836746,1927.0,0.0,40.0343329,-75.3367666,2019-11-12 22:50:18
310,3979,Wagner College Stadium,3300,0.0,Staten Island,NY,10301,US,63.39014053,1967.0,0.0,40.614688,-74.090639,2019-11-12 22:50:18
311,3980,Waldo Stadium,30200,0.0,Kalamazoo,MI,49008,US,243.8211212,1939.0,0.0,42.2860064,-85.6007573,2019-11-12 22:50:18
312,2023,Walkup Skydome,15300,0.0,Flagstaff,AZ,,US,2097.884766,1977.0,0.0,35.1805483,-111.6528377,2019-11-12 22:50:18
313,3982,Wallace Wade Stadium,40000,0.0,Durham,NC,27708,US,103.0028152,1929.0,0.0,35.9953688,-78.9417564,2019-11-12 22:50:18
314,3984,War Memorial Stadium,29181,0.0,Laramie,WY,82071,US,2200.153564,1950.0,0.0,41.31161,-105.5681384,2019-11-12 22:50:18
315,3983,War Memorial Stadium,54120,0.0,Little Rock,AR,,US,112.1398163,1948.0,0.0,34.749848,-92.330127,2019-11-12 22:50:18
316,3985,Warren McGuirk Alumni Stadium,17000,0.0,Hadley,MA,,US,46.58664703,1965.0,0.0,42.3773244,-72.5360595,2019-11-12 22:50:18
317,3987,Washington-Grizzly Stadium,25200,0.0,Missoula,MT,59812,US,970.345459,1986.0,0.0,46.8638753,-113.9815042,2019-11-12 22:50:18
318,3988,Welcome Stadium,11000,,Dayton,OH,,US,222.4020081,1949.0,0.0,39.7369239,-84.1981068,2019-11-12 22:50:18
319,3688,Wildcat Stadium,11015,,Durham,NH,,US,19.05943298,1936.0,0.0,43.1386231,-70.9393077,2019-11-12 22:50:18
320,5440,Wildcat Stadium (TX),12000,,Abilene,TX,,US,520.9,2017.0,0.0,,,2019-11-12 22:50:18
321,5400,William B. Greene Jr. Stadium,7694,,Johnson City,TN,,US,512.5,2017.0,0.0,,,2019-11-12 22:50:18
322,3991,"William Dick"""" Price Stadium""""",30000,0.0,Norfolk,VA,23504,US,4.916433334,1997.0,0.0,36.8469442,-76.2600839,2019-11-12 22:50:18
323,3990,William H. Greene Stadium,7086,,Washington,DC,,US,53.46718979,1926.0,0.0,38.925487,-77.021047,2019-11-12 22:50:18
324,3994,Williams-Brice Stadium,80250,0.0,Columbia,SC,29208,US,60.54548645,1934.0,0.0,33.9730239,-81.0191726,2019-11-12 22:50:18
325,3992,Williams Stadium,19200,,Lynchburg,VA,,US,272.9237061,1989.0,0.0,37.3544305,-79.1750239,2019-11-12 22:50:18
326,3996,Yager Stadium,24286,0.0,Oxford,OH,45056,US,242.2643585,1983.0,0.0,39.5197009,-84.7330255,2019-11-12 22:50:18
327,3997,Yale Bowl,61446,0.0,New Haven,CT,06520,US,5.302621841,1914.0,0.0,41.3132441,-72.9605333,2019-11-12 22:50:18
328,4102,Yankee Stadium,54251,0.0,New York,NY,,US,6.745362282,2009.0,0.0,40.829167,-73.926389,2019-11-12 22:50:18
329,3998,Zable Stadium,12259,,Williamsburg,VA,,US,26.07615852,1935.0,0.0,37.2730996,-76.7137202,2019-11-12 22:50:18
